"Parameter","mean","se_mean","sd","X2.5.","X25.","X50.","X75.","X97.5.","n_eff","Rhat","valid","Q5","Q50","Q95","MCSE_Q2.5","MCSE_Q25","MCSE_Q50","MCSE_Q75","MCSE_Q97.5","MCSE_SD","Bulk_ESS","Tail_ESS","Temp","TL"
"r",0.0463114839333907,5.64045966485227e-05,0.00542762528045708,0.0365943410149369,0.0424685549627061,0.046028789687447,0.0498102044869614,0.0576770094107772,9240,1.00054453916227,1,0.0379559432397469,0.046028789687447,0.0556997375124563,9.14258329547911e-05,7.73980937842506e-05,7.07910802864239e-05,7.44619278455171e-05,0.000156262832954904,3.98853290367076e-05,9112,11207,14,2
"Q",3.31851587630087e-07,1.60653506453815e-09,1.70973857129479e-07,5.29003354241279e-08,2.02403510432272e-07,3.15616177828961e-07,4.45088468304124e-07,7.02269502222282e-07,11302,1.00007762395839,1,7.8200038662158e-08,3.15616177828961e-07,6.39716127972963e-07,1.72910541636076e-09,2.0013597602077e-09,1.83252764356718e-09,1.84717648868746e-09,3.77571578760429e-09,1.13602109371898e-09,10354,8851,14,2
"a1",0.207528638477924,0.00101113231036086,0.0870563139786026,0.0588062824884314,0.143905098755739,0.199797980719787,0.263889675870153,0.394585966266546,7458,1.00013367159459,1,0.0780394928396562,0.199797980719787,0.360227171460365,0.00183810092931623,0.00107576482623796,0.0009439066518796,0.00117422674376561,0.00235576724716291,0.00071500664555111,6573,5485,14,2
"e1",0.000554932844945051,1.96767705592119e-06,0.000193913842962022,0.000210541758546689,0.000414548280303948,0.000544760871008205,0.000685135288834597,0.000955972868444873,9674,0.999933932107977,1,0.000254280355057536,0.000544760871008205,0.000886406420473791,3.81057290483464e-06,2.70864944514092e-06,2.57345777614643e-06,2.442806806889e-06,2.99474101111107e-06,1.39139958329385e-06,9101,8476,14,2
"d1",2.45803566704659,0.00527967602970564,0.562605946889611,1.36812764852158,2.07637113642916,2.44843540787468,2.83755255198588,3.57676105407469,11320,1.00011856017154,1,1.54304598339243,2.44843540787468,3.40377016280651,0.015587164773187,0.00735199296096445,0.0054791971461452,0.0059103346026137,0.0127198909326374,0.00373339063578062,11244,8534,14,2
"h1",0.000190441452239735,6.93327983970347e-07,6.4223242214155e-05,7.47466926803926e-05,0.000144650314925399,0.000187585959362519,0.000232814909982859,0.000324483713317611,8552,1.00008358789455,1,9.01491015908147e-05,0.000187585959362519,0.00030063984252786,9.85941530641102e-07,9.22830986450619e-07,8.19363193286135e-07,8.85066572420064e-07,1.54529634236508e-06,4.90273586858833e-07,8072,7620,14,2
"w1",2.55434988640938,0.00247384464065484,0.314268092334077,1.95825913336951,2.33690712127292,2.54808315350595,2.76410733001715,3.18662464115656,16114,1.00016341677791,1,2.05266605690068,2.54808315350595,3.07618842634862,0.00692895369716129,0.00360704680568746,0.00328567045692862,0.003234828717674,0.00840387367223339,0.00174930396000538,15972,13311,14,2
"B",0.0201721855209893,0.00010956802279772,0.0137310292430203,0.00103746421389577,0.00931400058847793,0.0181134522416001,0.0286836580806241,0.0521068351884176,15647,1.00048218622977,1,0.00202347789980801,0.0181134522416001,0.0456911332330292,7.81437579791068e-05,0.00014498749261441,0.000153976741006716,0.000155782384904685,0.000409832496563355,7.74777298717014e-05,11531,7375,14,2
"N1_0[1]",256443.628030107,365.786449142947,29290.9051287239,201532.622218808,236394.581457156,255116.007164642,275407.034837819,316130.905692015,6364,1.00020778253112,1,210192.812125249,255116.007164642,306222.644593069,634.739590905301,406.715192598305,400.779571062405,389.62697343828,1021.13354934257,258.661844913849,6410,5165,14,2
"N1_0[2]",242367.985256354,257.259337747592,21907.6642643211,201959.695927049,227246.35121987,241503.476118424,256301.719107839,288931.968547449,7222,1.00049025324236,1,208207.844328762,241503.476118424,280343.275334536,468.377279840453,269.141963357732,269.489346371818,310.449593150421,1544.30620878696,186.579242634414,7562,4896,14,2
"N1_0[3]",169875.844847196,213.332643443638,19248.9537481414,134128.804378224,156753.583389003,168949.007229287,182077.996340033,210211.191335368,8024,1.0005026603155,1,139725.938168636,168949.007229287,202653.541138065,480.907016514495,217.282233827471,188.352989640058,282.679980833462,474.788593925972,150.854363357231,8109,11075,14,2
"N1_0[4]",238689.120568809,208.271543290247,21574.6575451519,198999.491046294,223759.507153,237732.052758442,252682.457804625,283412.801570685,10676,1.00050087946244,1,204863.966859502,237732.052758442,275337.968336544,236.012942144385,255.453431840477,249.427269598091,260.013470407561,571.615043044672,147.99150107959,10832,12354,14,2
"N1_0[5]",178557.965584918,51.1229556777592,6508.1717917215,165624.743353208,174173.85839954,178600.407524065,182933.168024511,191338.726353476,16189,1.00036018839746,1,167822.361468988,178600.407524065,189264.015740694,103.630321564153,76.6085832496465,74.7357018809271,68.1567626099422,138.311234592489,36.1500394353401,16225,14889,14,2
"N2_0[1]",0.0136801742612942,0.000777999697688859,0.0464855443061631,4.66455581710422e-05,0.000943366052105241,0.00338019853024422,0.010030496882688,0.0859135882964905,3568,1.00001200337739,1,0.000106330382418244,0.00338019853024422,0.0421629541970929,3.42401368110325e-06,2.2920237192923e-05,7.46403150977139e-05,0.000235051298024887,0.0115292708327101,0.000550173812385766,6592,4174,14,2
"N2_0[2]",0.113172297585425,0.000797484579844252,0.0961110332777526,0.0126319541309473,0.0472933690872595,0.0845043615345449,0.148184916794658,0.375872538499305,14504,1.00015909771302,1,0.0177252302057637,0.0845043615345449,0.307697384971676,0.000294756008360804,0.000535872968919191,0.000747995385855044,0.00129383531331485,0.0049061346817145,0.000563918073907537,12924,11953,14,2
"N2_0[3]",0.146486114600114,0.00105880579005211,0.128603659010099,0.00828106514271558,0.0504313210812104,0.109487062031635,0.205431268360016,0.482537871593984,14740,1.00059242612875,1,0.0136179515926071,0.109487062031635,0.409282340096481,0.000317889388383071,0.000792008675893827,0.00133491857518395,0.00151410992261711,0.00409181581662149,0.000748703564183469,11253,10112,14,2
"N2_0[4]",0.169423029376369,0.000828142869604934,0.109823101454285,0.0308422708167512,0.0896221747869695,0.144364648839751,0.222703897330111,0.450811443136444,17545,1.00013728911578,1,0.0412603254759328,0.144364648839751,0.383029819904528,0.000723502931802955,0.000810309850495419,0.00105660742553609,0.00149564244226291,0.00395945026058966,0.000585595147612939,15390,11827,14,2
"N2_0[5]",0.130134442233596,0.000451497595020368,0.0568822277393432,0.0362053459454422,0.0883731593494318,0.124277274844882,0.165547405717884,0.255138398813445,15807,1.00019898179611,1,0.0470889198424849,0.124277274844882,0.233165783970272,0.000949619299154957,0.000611270688529494,0.000487396417340483,0.000588673106106177,0.0013788206664547,0.000319262875842031,13060,8904,14,2
"r",0.0909123921450026,0.000110497151560089,0.00786984872815339,0.076110483310106,0.0855207205520373,0.0907211009374705,0.0961906829711829,0.106690960936386,5043,1.00095413652179,1,0.0782213805960883,0.0907211009374705,0.104151191855466,0.000161918323523177,0.000139239051936399,0.000123746189277095,0.000133084003559124,0.000187221664153116,7.81892689007764e-05,5086,7994,17,2
"Q",7.92106594738209e-08,4.24096750244861e-10,4.197809971076e-08,1.73029826376752e-08,4.66514019320283e-08,7.34402469796862e-08,1.05022688839017e-07,1.74848555893605e-07,9791,1.00015596819239,1,2.21083331944654e-08,7.34402469796862e-08,1.57693531098943e-07,4.51231362677825e-10,4.94968192341544e-10,5.21433976140909e-10,5.25470066766926e-10,1.23340503113853e-09,2.99890615202176e-10,7416,4830,17,2
"a1",0.242398051280252,0.000879021304432988,0.0674137224509791,0.134920184744652,0.193208677528948,0.234218871660313,0.282198248646479,0.394686046034225,5833,1.00043242917948,1,0.146811495475291,0.234218871660313,0.366798425813651,0.00106098817793386,0.000769902441696418,0.0011098844521165,0.00125392137794836,0.00246189370839894,0.000621592751498443,5985,8465,17,2
"e1",2.48927145828214e-05,5.89350352316328e-08,5.05681132985882e-06,1.56727520901826e-05,2.1323394114447e-05,2.46643468340882e-05,2.81777963854105e-05,3.55101693571415e-05,7299,1.00027907289047,1,1.7077304142634e-05,2.46643468340882e-05,3.35681551907331e-05,1.24433272395261e-07,7.02566651813818e-08,7.33578114442607e-08,6.91265276014341e-08,9.00819953860609e-08,4.16750142226434e-08,7041,6893,17,2
"d1",1.12954085683772,0.00240568055399705,0.20589748472235,0.743891778889559,0.987930887203865,1.12479570488721,1.26542828006434,1.5425809955334,7319,1.00016993516551,1,0.801459324978536,1.12479570488721,1.47393539909398,0.00484677173995418,0.00344664118718879,0.00303412497696509,0.00285181305217019,0.00442158157042638,0.00170114076500862,7154,7398,17,2
"h1",4.37635423846328e-06,2.19012211349815e-08,2.21430137265475e-06,4.66707794478892e-07,2.72947779981521e-06,4.30237337588886e-06,5.86180513114505e-06,8.93174455509872e-06,10219,1.00052150606793,1,8.59921151439715e-07,4.30237337588886e-06,8.15627776190903e-06,3.3447023613066e-08,3.78588038997591e-08,2.45144475025285e-08,2.67082858775388e-08,7.89459805769037e-08,1.54869439249536e-08,9002,5297,17,2
"w1",1.95667293523791,0.00303320273803714,0.287775117044794,1.42712976568648,1.75727505467347,1.94131562383064,2.14405314895316,2.56171596450476,8988,0.999992676111523,1,1.5066901324142,1.94131562383064,2.45514538963968,0.00816502927801765,0.00380274244400858,0.00329072911801709,0.00382998727404416,0.00878858876843713,0.00214486772924622,8900,9359,17,2
"B",0.080812594689274,0.000268944683482068,0.0212627354956037,0.0412987681637655,0.0666727721536951,0.0799591595789718,0.0944300047629711,0.125254326281517,6247,1.00007668155356,1,0.0476274496801067,0.0799591595789718,0.117709569051802,0.000982976669441357,0.000238565626648535,0.000278419681208869,0.000326794666812041,0.000899601452094653,0.000190181484030491,6489,6311,17,2
"N1_0[1]",177905.633046401,324.690736913845,28837.4859843807,125071.626089929,158236.737556062,176633.096956106,196417.745712618,238187.165074593,7867,1.00064331197413,1,132607.491409588,176633.096956106,227459.2544058,711.431128879944,320.579035146744,387.017691296627,370.019865502341,1027.03777745644,229.599511161561,7687,8394,17,2
"N1_0[2]",196424.212575989,331.269995625417,30294.8845357363,141111.484213361,175078.486418577,195379.007470079,216175.922189812,259029.97201065,8348,1.00019134435564,1,148958.176513491,195379.007470079,248108.408838213,591.076249509468,444.750312291741,396.959684038564,482.539090001301,832.371418239418,234.251429974655,8232,9228,17,2
"N1_0[3]",200427.037489209,312.825792343037,28434.1647047667,146802.119485951,181102.625233226,199497.541735852,218584.003675799,258890.206987614,8265,1.00034835286197,1,155380.7162896,199497.541735852,248859.493958389,703.825195905738,360.034106596242,324.100154707834,389.756426912718,793.711328033372,221.209048521926,8185,8910,17,2
"N1_0[4]",248569.632488139,332.367002282559,31852.3335634643,187956.881190034,227031.787093741,247661.742356249,269246.841490106,314760.07898828,9183,1.00072478647124,1,197601.887313802,247661.742356249,303052.54029658,771.14972267508,421.491105247638,344.927995271792,461.542017558269,982.658215904521,235.026425270197,9146,10574,17,2
"N1_0[5]",254858.92025025,53.5834612446996,6649.18868787013,241915.265421549,250344.24144837,254840.494584795,259265.938525913,267906.878565484,15402,1.00005294960412,1,243942.276644541,254840.494584795,265953.81826706,129.228763415784,86.7068006355112,61.5681064777164,93.7524897294934,178.867427269492,37.8899468374445,15392,11287,17,2
"N2_0[1]",0.220244992694251,0.00114841041254509,0.134902928766205,0.0292897167400312,0.117531424788304,0.198177094102707,0.301851518245873,0.535004475475477,13784,0.999929803340303,1,0.0420898648282551,0.198177094102707,0.472839982498522,0.00109339778607834,0.00150382615304986,0.00146497965192161,0.00164620926219322,0.00394970225479341,0.000812065958130968,10289,6676,17,2
"N2_0[2]",0.168016188963114,0.00109470164914098,0.126205541593159,0.0105035891665139,0.0685578733503382,0.141135211122386,0.23916943813927,0.475549495064166,13235,1.00025572457285,1,0.0175711249752654,0.141135211122386,0.409243564715146,0.000748412234526884,0.00121738327841999,0.0018111828204497,0.00189017713062906,0.00404475412246694,0.000774087944682473,8528,6502,17,2
"N2_0[3]",0.216637640999214,0.0011121331526611,0.132585432103097,0.0313361998122969,0.114696671703836,0.194809033088201,0.295275536080703,0.523432799063216,14146,1.0001397053513,1,0.0438077372893286,0.194809033088201,0.46650371959522,0.00113650710295366,0.00137962063635664,0.00160756036009377,0.0016523742405746,0.00400265171487441,0.000786413035435191,10867,7265,17,2
"N2_0[4]",0.111525390594939,0.000919781443803288,0.106667124464576,0.00464035769464119,0.0324185886341637,0.0768423417119405,0.159643283030895,0.396270573872382,13417,1.00031731299661,1,0.00786630044141587,0.0768423417119405,0.326427651183645,0.000245547304868538,0.000706249697453181,0.00111085036650418,0.00191597557889665,0.00410492581271441,0.000650397795769847,9926,8261,17,2
"N2_0[5]",0.117753380301149,0.000511478375668149,0.0581979918128152,0.024085702929692,0.0734302773129425,0.11193172344897,0.154781100239582,0.243709444505811,12910,1.00026436895003,1,0.03286459285763,0.11193172344897,0.221431801935057,0.000886156526603949,0.000789760612975532,0.000658495021271938,0.000749996955514656,0.00137752379557407,0.0003616779749415,10270,6238,17,2
"r",0.106612006814997,0.000352895312829025,0.0162996841312978,0.0786834312691058,0.0959560207999807,0.105101842737466,0.115475355642996,0.143492203674395,2109,1.00281719283318,1,0.0830635815742835,0.105101842737466,0.134790681292207,0.000503275527387395,0.000338285774653696,0.000318981299115513,0.000338162685291174,0.00118947720973492,0.000249568792192563,1999,2904,20,2
"Q",1.79087762463734e-07,1.91334503738033e-09,8.53379100434629e-08,3.61018584458539e-08,1.14978326753186e-07,1.72094858129297e-07,2.35654782704836e-07,3.61119765814488e-07,1982,1.00126799632857,1,5.12946935911579e-08,1.72094858129297e-07,3.3010549185702e-07,2.11852923731837e-09,1.82855096027325e-09,2.19172784243435e-09,2.36372601999906e-09,3.32207929287049e-09,1.35313766661166e-09,1973,3130,20,2
"a1",0.190754419085784,0.00387984203532569,0.128946307623485,0.00145872356247362,0.123362752410881,0.173270083050728,0.242148740070314,0.508566989012889,1094,1.00726416670408,1,0.00236441188805406,0.173270083050728,0.422496363082188,0.0001128357122336,0.00361781711350886,0.00211176865688249,0.00299889240595898,0.012331122760931,0.00274418736878467,891,998,20,2
"e1",0.000557050755431562,6.80969266169995e-05,0.0016653823184739,1.67897423709401e-05,3.18261579970713e-05,4.43798022755274e-05,6.68629788226327e-05,0.00693463608911133,595,1.00487132713762,1,1.96052697917423e-05,4.43798022755274e-05,0.00465755875332985,2.23817008284231e-07,2.93880702670394e-07,6.6798100918951e-07,2.41215746385419e-06,0.000338549612521338,4.81752996535096e-05,871,1052,20,2
"d1",2.02271390750015,0.00748814769366141,0.538198045605889,1.08061942685509,1.62305895880161,1.98801572220237,2.38247321591638,3.19335103928587,5144,1.00086119040495,1,1.20520425184485,1.98801572220237,2.98457291612418,0.0114208436018058,0.00664493291629364,0.00637647658352158,0.0115992088145906,0.0320271499275331,0.00586646141563668,5565,2152,20,2
"h1",4.40060202004874e-05,5.26923927047048e-06,0.000142512980685367,1.97642744518852e-07,2.3530951296969e-06,4.94228189549318e-06,8.68618862593473e-06,0.00057533346033306,729,1.00279394885269,1,4.12130224989262e-07,4.94228189549318e-06,0.00032258685306614,1.49101071211218e-08,6.12230718769081e-08,1.07891805173137e-07,3.6931583747749e-07,3.98497770466581e-05,3.72740144654644e-06,929,1002,20,2
"w1",1.00870718299297,0.02250578232996,0.593607140531768,0.426171305862443,0.609829380976765,0.793804599602603,1.19301058808552,2.67332427027987,693,1.00307966006519,1,0.459680004945492,0.793804599602603,2.3092635328415,0.00236442066226425,0.00479930141007534,0.0110676771840766,0.0438277557599982,0.0630640505671145,0.0159206680703306,953,1537,20,2
"B",0.0915311028739295,0.000329240180549509,0.0194438448953927,0.0585915537558641,0.0781534431617668,0.0895762048344518,0.102841088826997,0.135934029595254,3465,1.00139138405076,1,0.0635645541451503,0.0895762048344518,0.126068012783749,0.000374538987395315,0.000331300128267153,0.00031809923792412,0.000398818632637847,0.00167913912952374,0.000241437539355007,3694,3818,20,2
"N1_0[1]",236478.125535189,479.118467750709,33965.0233909164,169674.562461239,214908.92999375,235653.035028415,256956.090548126,306463.307844762,5038,1.00001362577216,1,181932.893305721,235653.035028415,292688.801349574,1468.69198403622,623.564527398587,432.628874939299,527.775532957166,1277.31455291482,338.807581869512,4914,5025,20,2
"N1_0[2]",228727.118271288,600.775036551302,36298.596682024,161251.737328872,205006.571202991,227157.894639484,249615.121173214,308967.665458362,3638,1.00022907334851,1,173028.347333546,227157.894639484,291721.266452284,1224.92233857176,639.204340921686,568.088954307896,577.443227522672,2024.77259343048,424.846048329976,3467,5540,20,2
"N1_0[3]",332310.768829711,1897.2003053766,58109.3921676643,205239.938491052,297889.03073323,339820.996494881,371941.184197957,432673.608919183,937,1.00227929898724,1,224342.814449224,339820.996494881,418530.983170353,2388.04027648873,3620.34778035863,1447.28960760788,892.972232228814,1532.7829444884,1341.94050166734,1091,1654,20,2
"N1_0[4]",192757.770623669,85.1461379388043,7395.73522366621,178059.13331005,187778.718280757,192764.089702324,197684.099938101,207188.913569785,7485,1.00066009612731,1,180577.245810389,192764.089702324,204843.815429087,211.295498630934,104.373231638194,112.555922789703,115.415634029676,219.399481989924,60.2097391546795,7555,7978,20,2
"N2_0[1]",0.227656478049148,0.00221076750514516,0.191121935488891,0.00833028693484298,0.079564763913036,0.177726134630306,0.329739823654834,0.70601765880919,7404,1.00112572393867,1,0.0166259638537338,0.177726134630306,0.603840637026625,0.000630021536921575,0.0018967897144888,0.00299186543249823,0.00340025290837337,0.00838506952005219,0.00156330970483441,5378,4381,20,2
"N2_0[2]",0.301248736723725,0.00212409622616311,0.201286869592574,0.0278635114057286,0.146324907164869,0.266552875694974,0.41688560598238,0.789892840540687,8971,1.00031026040593,1,0.0441471251470785,0.266552875694974,0.681743240303909,0.00177730208023751,0.00259142416912093,0.00292701522977054,0.00323299915039718,0.00840335420273902,0.00150201162629388,6660,4983,20,2
"N2_0[3]",0.252550298629853,0.00250814140248665,0.184700029421885,0.0263493415377321,0.112970669743949,0.209506572716063,0.346548417348007,0.718467976834599,5393,1.000334591666,1,0.039221442378412,0.209506572716063,0.617595957452123,0.000977563946171454,0.00195981839976359,0.00270910849296857,0.004023442154441,0.00908850840863334,0.00177361919307087,5101,5970,20,2
"N2_0[4]",0.117409922351779,0.000869720682202344,0.0729835615114819,0.00766611254005926,0.0594448317592322,0.109032206732267,0.165342973259331,0.27672177077487,7039,1.00116637342413,1,0.0151060470745348,0.109032206732267,0.249358963837105,0.000929387113910079,0.00132253308644476,0.00102938067059821,0.00109125612202604,0.00215718969518774,0.000615010864412158,5512,3741,20,2
"r",0.243832122870299,0.000662076043312059,0.0416917661306216,0.169908833484339,0.215181906792416,0.240414731662106,0.269902785805537,0.33274341281843,3957,1.00084166478524,1,0.18028916456508,0.240414731662106,0.316999125155732,0.00102598451868761,0.000635604545652438,0.000664291703728268,0.000978498616796053,0.00155997846374797,0.000468522590578314,4005,6075,23,2
"Q",1.29029868433485e-07,1.11984107309562e-09,7.81275477473106e-08,1.81829699016316e-08,6.75471222514811e-08,1.16949613375838e-07,1.7857336745682e-07,3.08247694454608e-07,4853,1.00048667953514,1,2.52273679759343e-08,1.16949613375838e-07,2.73208098916506e-07,9.08892605081763e-10,1.27809252735666e-09,1.49328130488474e-09,1.45247900805238e-09,2.47863452302501e-09,7.91894670695288e-10,3779,3113,23,2
"a1",0.893594477727018,0.00489246242825139,0.290089845193758,0.429346999135419,0.681678346484263,0.853983701782807,1.06768564497404,1.55122930392177,3506,1.00107597743593,1,0.485716091126005,0.853983701782807,1.44031153897283,0.00425244089343449,0.00339839716947987,0.00454654520208825,0.00693507483835587,0.0117134601060718,0.00367903508593606,3836,3248,23,2
"e1",1.11349822921862e-05,7.86163432237053e-08,5.09922667328586e-06,4.22757484515501e-06,7.63617775712154e-06,1.02135474991155e-05,1.35169545981086e-05,2.34913740480525e-05,4202,1.00023178460677,1,4.89515934154993e-06,1.02135474991155e-05,2.04658853248509e-05,5.32216898820328e-08,6.5181380573374e-08,7.20253919025685e-08,1.06256872005374e-07,4.42195898436343e-07,5.55940037234984e-08,4215,6058,23,2
"d1",1.98337253995476,0.00737668163446035,0.538634242908151,1.0556504904119,1.58413626793606,1.94354718316159,2.34661102544746,3.119632963402,5267,1.00030558138894,1,1.16164992109311,1.94354718316159,2.94542835344465,0.00902295314881729,0.00619321917837479,0.00950701714771518,0.00923564236980656,0.0181824544817781,0.00541829231587752,5453,5022,23,2
"h1",8.93742145489514e-07,1.12098570317296e-08,7.73749974872873e-07,2.6418339388311e-08,3.05672870079029e-07,7.10676300818529e-07,1.28180423865367e-06,2.72517540025532e-06,4759,1.0000684262943,1,5.25542226046832e-08,7.10676300818529e-07,2.31717476521337e-06,1.85429481526655e-09,6.87370239379463e-09,1.06639480008317e-08,1.78961913241037e-08,5.2940524630724e-08,7.92705123206384e-09,4528,5696,23,2
"w1",2.32257806638261,0.00733246739723361,0.543055250702749,1.36951311690182,1.9336456977648,2.28409676335401,2.67258953494295,3.48616841103829,5476,1.00041986786068,1,1.49161408095236,2.28409676335401,3.28628492044158,0.0103360680440054,0.00594658273863125,0.00842262027067764,0.0119409673169231,0.0295524893380747,0.0054907528594875,5732,4265,23,2
"B",0.0809089642396213,0.000400756851850309,0.0226680755530506,0.045818004143667,0.0645357323304003,0.0773844978438815,0.0940091052162493,0.134503415908323,3160,1.00102215223008,1,0.0502000755371342,0.0773844978438815,0.124328487724955,0.000523304711816493,0.000220843604689692,0.000329629379297827,0.000622491800556117,0.00124891714533772,0.00029183399499549,3391,3770,23,2
"N1_0[1]",186258.946978386,786.528005554546,68098.2823765284,79171.7798242656,136934.572811709,177851.269247158,226586.178965193,341559.529375665,7467,1.00021639974496,1,90931.8868824202,177851.269247158,311167.578798301,1045.48134300284,669.924194854044,919.835104740312,1312.83446486853,2719.79266523264,565.606216942703,7313,7547,23,2
"N1_0[2]",172754.239443152,859.70487289208,66457.6619651617,71186.9655124115,123214.294773139,163558.560955764,212281.989248768,326586.924679438,5967,0.999975573462853,1,81847.7048594001,163558.560955764,297095.958112072,914.608061535386,954.215485241504,1056.7171120969,1131.76347455879,2943.17407262791,607.932818199268,5679,6992,23,2
"N1_0[3]",197598.210234943,860.754935778988,67982.1318194726,89040.9725502767,147649.772975595,190214.525019481,240194.583197369,346335.40025058,6190,1.00014476174988,1,101468.336253482,190214.525019481,320433.269763363,1265.69869561453,931.030597813777,1054.54556650788,1151.3870046146,2571.3254958714,610.206485885407,6295,7561,23,2
"N1_0[4]",289562.522696334,981.330113776092,81541.2716420523,150961.492697982,231212.985108472,281970.299653411,340824.888642882,468822.012161766,6900,1.0002170180102,1,168596.974515057,281970.299653411,436320.825532373,1443.7653503545,1222.33396462527,1095.03481067286,1417.38023729646,4317.43799408292,697.196697671934,6917,6823,23,2
"N1_0[5]",193132.414320357,83.1848405775822,6730.46084704813,180043.538215379,188606.656118533,193154.013245924,197652.557509745,206106.305159112,6539,1.00036360588482,1,182070.770737924,193154.013245924,204008.306982967,269.322605009118,109.246008128393,88.8629062976106,96.066966810773,201.498417318115,58.8231857378528,7156,6137,23,2
"N2_0[1]",0.276825629504755,0.00188920425687137,0.186901021761421,0.0215216124802671,0.130491409192654,0.243843509290415,0.387540379719348,0.718110936343838,9745,1.00063758217799,1,0.0362663489231293,0.243843509290415,0.634080602972555,0.000942293180539894,0.00233053679975673,0.00257748147857675,0.0029251940192922,0.00670359769906276,0.00133590894719467,7286,4492,23,2
"N2_0[2]",0.300592630332508,0.00186799987574931,0.192682183528871,0.0280914168322788,0.150495217720125,0.26884943691575,0.419354157627594,0.74622893650941,10637,1.00117035746801,1,0.0460556426892023,0.26884943691575,0.657137172536623,0.00185808064775421,0.00248895840130461,0.00287405268696542,0.00304567143711576,0.00700178930759954,0.00132091159339685,7833,5109,23,2
"N2_0[3]",0.297465589578117,0.00171780019206875,0.184247560183938,0.0340853304311906,0.155503901960902,0.267571964130529,0.409319580059519,0.724292896508421,11467,1.00019999817252,1,0.0513212150887006,0.267571964130529,0.639884841179558,0.00191629287930923,0.00236623917851665,0.00255082572703672,0.00270750271331885,0.00553568190382275,0.00121469895790725,8550,5694,23,2
"N2_0[4]",0.266846768452362,0.00155188248298107,0.178759157229693,0.0260522603824647,0.128297325702493,0.234232087229164,0.371376291896396,0.691533085586415,13216,1.00012705607497,1,0.040110112122629,0.234232087229164,0.608895727106845,0.00111084212220499,0.00233488815719178,0.00224286138208619,0.00288248872072672,0.00644475675591427,0.00109737075866123,10045,6871,23,2
"N2_0[5]",0.0891944457253589,0.000542821979261907,0.0587933041941155,0.00838462013185575,0.0435456377194266,0.0783951286832825,0.124469985302976,0.227389999759521,11725,1.00006176762829,1,0.0132771915496155,0.0783951286832825,0.201308527329676,0.000394397057455947,0.000793214474151174,0.000821035450812892,0.000848573340483161,0.0017846248519061,0.000383842648668051,8572,6127,23,2
"r",0.204896092498864,0.00104730877709846,0.0378180758100526,0.131329219694266,0.18061768549921,0.203276542813281,0.227822827283559,0.284775072044997,1284,1.00083335102983,1,0.144482117085686,0.203276542813281,0.269502963830879,0.00350915750956937,0.00112649881289403,0.000784227272778104,0.000764633300074202,0.00166987195536372,0.000740724853668516,1273,790,26,2
"Q",1.78637605269415e-07,3.05505195682826e-09,8.76023001052659e-08,4.2210530791963e-08,1.13751478337512e-07,1.67021168192366e-07,2.30563732900061e-07,3.82162827778733e-07,844,1.00273191980779,1,5.66819730552929e-08,1.67021168192366e-07,3.41761606705387e-07,1.76493199090678e-09,1.57029077840761e-09,2.25074209573152e-09,4.37978178855438e-09,9.14564164771632e-09,2.37844693577309e-09,978,1033,26,2
"a1",0.476056513906527,0.00815601026548121,0.248715838916498,0.00196818999206518,0.324756936003658,0.448311428107697,0.610391187620406,1.04766903320523,921,1.00117578762439,1,0.00781359654241753,0.448311428107697,0.929601309020803,0.000565062276279755,0.00641412837884636,0.00457121072601582,0.00424633597921314,0.0121690633521625,0.00576897996570238,870,287,26,2
"e1",0.00029351271924788,6.88177446487376e-05,0.0012845782313521,6.93368372539664e-06,1.27063902771149e-05,1.77577630588905e-05,2.52816377866997e-05,0.00513330098976451,346,1.00142331113044,1,7.93741342387419e-06,1.77577630588905e-05,0.00143739745024046,8.45236902242884e-08,9.69019144784997e-08,2.00030944268923e-07,6.12691420595052e-07,0.00100907914170089,4.87022856362602e-05,817,290,26,2
"d1",2.09113650757998,0.00690967320911705,0.538385304472809,1.15273319304958,1.68856463465305,2.05377829371494,2.45676309030878,3.212326109957,6069,1.00018552767509,1,1.27229466126384,2.05377829371494,3.06162624172016,0.00780357101695872,0.00612111800612247,0.00812039716107149,0.0100498193228851,0.0255259530757139,0.00539092893421922,5863,3511,26,2
"h1",1.98476981610695e-05,4.4615616845454e-06,9.7712829311171e-05,7.24294741322063e-08,7.24250539143987e-07,1.53622013624954e-06,2.71131202560316e-06,0.000285816312570202,477,1.00107063585517,1,1.43882022869173e-07,1.53622013624954e-06,4.7040769604786e-05,4.06584066163834e-09,1.42344075292341e-08,3.2623921050916e-08,8.63369643138081e-08,8.76129787410768e-05,3.15672086866353e-06,887,312,26,2
"w1",1.57912344700934,0.019895284635179,0.703091013139281,0.577884654296125,1.03587276470158,1.45145022724611,2.01238714398737,3.22296742765774,1263,1.00247400166472,1,0.656439306911464,1.45145022724611,2.9362186290091,0.00661257948680821,0.0102015195024246,0.0208432214731021,0.0249461054334532,0.0459847384880379,0.0147578060847315,1422,2456,26,2
"B",0.104431882187441,0.000308046025360396,0.0194101677154608,0.0728938591654297,0.0908036140181764,0.10217765284964,0.115474580569902,0.14918015586388,3983,1.00091448870283,1,0.0768574593108665,0.10217765284964,0.14025667571804,0.000367929569019342,0.000250860798257722,0.000292492311944614,0.000371065813843746,0.0016720040410456,0.000233528791118382,4732,3665,26,2
"N1_0[1]",283764.149313403,1018.94529535266,68105.5907746575,159951.745498999,234899.902962241,281452.456912092,328789.989672317,422199.350684819,4484,1.00169464621405,1,177772.136913396,281452.456912092,400872.919335979,2059.09765256869,1165.7206465059,1302.95704515596,1378.96410150712,1766.46338009246,720.550172722931,4410,6428,26,2
"N1_0[2]",239661.471817707,744.276469781462,59136.6985876283,131899.376633005,198767.287241976,236368.414596393,277440.96712077,364491.10604685,6301,1.00071373528731,1,147539.861846392,236368.414596393,341973.932896195,1504.30162689493,902.538904857123,915.888829752235,867.261659630109,1742.89411256963,526.307254487421,6041,6506,26,2
"N1_0[3]",206755.522673894,724.154200734262,55536.3249730703,107603.968232899,168174.775912827,203570.971243967,241716.467402397,323275.97894877,5867,1.00120451584701,1,121494.969828177,203570.971243967,302500.900660851,1335.32327003819,853.081842865999,998.319469044247,977.955658910811,1808.57234197145,512.079741211754,5618,6971,26,2
"N1_0[4]",262261.75764302,865.640257509695,65091.7540445991,150601.323475983,216734.601147303,257015.612525734,301756.348342756,406680.879697751,5621,1.00013464561779,1,165403.378287224,257015.612525734,379455.16803312,1403.93300861739,1057.13233024489,992.976692960365,1159.54141342847,1936.32808135205,612.131673407886,5542,6361,26,2
"N1_0[5]",256364.884835325,65.0529736603987,6702.8763964354,242857.357698708,251919.921254122,256393.974433107,260867.864950677,269456.790533268,10606,1.00004540743264,1,245122.168586349,256393.974433107,267392.069509319,148.14099897792,99.9690071409277,90.4496768941317,86.3111841767241,173.536181549367,46.000662390686,10621,9367,26,2
"N2_0[1]",0.346729428487676,0.00189309294294772,0.210741304743654,0.0451233712949103,0.184695287415657,0.313894631253737,0.470799853049395,0.84104958450153,12375,1.00073639156634,1,0.0668317528882107,0.313894631253737,0.743231374861458,0.00241307521227745,0.00251015270940658,0.00262132915729482,0.00282817626331264,0.00857948161963945,0.00133865037037961,9059,5830,26,2
"N2_0[2]",0.329221625031781,0.00205134710733292,0.214081929146595,0.0329045240132555,0.165611892331552,0.291412817815285,0.454295509227908,0.828790927042572,10869,0.999988307257248,1,0.0523855908654813,0.291412817815285,0.734091400662114,0.00158047440566042,0.00291191962922638,0.00265348627874043,0.00301749394145504,0.00719666782083606,0.00145056029724214,8308,5982,26,2
"N2_0[3]",0.355487454235052,0.00210935466642387,0.218546072325073,0.0351238976513294,0.187143965627293,0.324531355505524,0.489519663461676,0.853924650245743,10755,1.00108056812896,1,0.0577723258789353,0.324531355505524,0.758107629771689,0.00191085845004937,0.00293420225017252,0.0027060578664771,0.00293126935555824,0.00602073379058266,0.00149157951215572,8184,4993,26,2
"N2_0[4]",0.248694717822535,0.00188730467332864,0.203004100673251,0.00902426588473849,0.0897938690755477,0.201005109578769,0.357351249500473,0.757859937259622,11546,1.00004465432663,1,0.0167692083070598,0.201005109578769,0.645572615345383,0.000755183395552693,0.00212754427795728,0.00274636573179167,0.00347075088780341,0.00898642592302956,0.00133455957906174,7586,5027,26,2
"N2_0[5]",0.0886803443334844,0.000604786097818698,0.061181647989231,0.00506038521031325,0.0399087147341591,0.0785761011323638,0.126718918443426,0.229591586424622,10175,1.00032879046111,1,0.00900050714871542,0.0785761011323638,0.202808128966673,0.000452874346868374,0.000888047583520873,0.000874995339548122,0.000734043948134422,0.00205190380073225,0.000427660541285059,6964,4884,26,2
"r",0.0511869140932049,4.46291390138117e-05,0.00426961411397618,0.0429522413331914,0.0482747494624759,0.0511302277873235,0.0540297644582811,0.0597393214366764,9137,1.0001669133386,1,0.0442130821378426,0.0511302277873235,0.0583578575163868,7.8127211363313e-05,6.30093769104952e-05,4.98279307518945e-05,6.51747776884669e-05,9.76202520587277e-05,3.15585726487137e-05,9053,7868,14,3
"Q",3.03956303102161e-07,9.70679170842255e-10,9.07503004303857e-08,1.18613056333659e-07,2.4530992739879e-07,3.07179663458968e-07,3.66052354482061e-07,4.74477989504386e-07,8728,1.00028742019648,1,1.48824284880185e-07,3.07179663458968e-07,4.48871035031007e-07,3.88057709589649e-09,1.35020015526509e-09,8.86986750154006e-10,9.11865028678142e-10,1.80854512937036e-09,6.86396731664773e-10,9014,5494,14,3
"a1",8.2065278176912,0.0161687939183607,2.0566883662284,4.3843812658456,6.76145358570109,8.15763654997185,9.57997099179534,12.3745278793191,16147,1.00004264328698,1,4.92042180823545,8.15763654997185,11.6329904935012,0.0395904405222489,0.0243014429734698,0.0207604364009359,0.0229197221940476,0.045245145731597,0.0114332699140045,15397,8095,14,3
"h1",0.000209883150917371,1.38289565922272e-08,1.11985114834046e-06,0.00020766217499272,0.000209130617972666,0.000209899488760219,0.000210668836279554,0.000211998752259773,6567,1.0001152909533,1,0.000207988527385744,0.000209899488760219,0.000211667743769419,2.61483157173629e-08,1.49032678538682e-08,1.54385108956916e-08,1.89225257696821e-08,2.60940192273293e-08,9.78046345139943e-09,6556,9092,14,3
"w1",2.53589616489342,0.00242670345031783,0.316112898523987,1.91774758849728,2.32118989690845,2.53673558881782,2.74705716568413,3.15724057359669,16925,0.999888200652451,1,2.02052284297184,2.53673558881782,3.05998367530197,0.0102520367684434,0.00417704423963672,0.00281365146186729,0.00338935173179733,0.00692116879884042,0.00171596793686714,17067,9265,14,3
"a2",17.7677465619822,0.0410571897369543,3.2986006954391,11.9050237865312,15.4113552088708,17.554431282103,19.9496460243565,24.7190475331901,6472,1.0003876627083,1,12.7237725951139,17.554431282103,23.5586986483411,0.0786416905468954,0.0539224468683148,0.0506907848748863,0.0599911641813442,0.115288325682243,0.0290331291893606,6367,8474,14,3
"e2",0.0765391840771509,9.96722979612468e-05,0.00915799874562998,0.0602499765143251,0.0700331458350317,0.0760052276914382,0.0822770452152745,0.0962820100920173,8459,1.00030672187596,1,0.0624192480030621,0.0760052276914382,0.0923973149647867,0.000192052325412393,0.000115781199065371,0.000129998275696645,0.00015494527110696,0.00030182453311061,7.05449790541306e-05,8470,9713,14,3
"d2",0.0446066318822316,6.56373100123371e-05,0.00554197771028055,0.0340066843825906,0.0408206614869412,0.0445017190324369,0.0482651419068451,0.0555097816687428,7113,1.00073485735997,1,0.0355889379010105,0.0445017190324369,0.0539515145575917,0.000142486911307936,8.40083558748643e-05,8.86941503430091e-05,7.21555495968723e-05,0.000158314893778062,4.64144858865533e-05,7078,8265,14,3
"h2",0.255352249470456,0.000356725197811108,0.0365795649881797,0.182215623754334,0.231563909437796,0.255810498913646,0.280345060653793,0.325933570524852,10490,0.999916063585074,1,0.194428918866145,0.255810498913646,0.314245164840191,0.00102756899085978,0.000478649104572779,0.000451813140144502,0.000436484167752799,0.000973639888258743,0.00025224980398201,10575,9451,14,3
"w2",15.6564644956571,0.0600117799800204,6.71445827867711,3.14351371608843,10.8820150381052,15.4832583474603,20.1884199893664,29.2063695333817,12483,1.00053943601654,1,4.75669096497815,15.4832583474603,26.9787313278756,0.16409877506502,0.095868202108873,0.0777720257063113,0.079032096126566,0.155648546186887,0.0424357250822491,11314,5756,14,3
"N1_0[1]",180820.632764377,205.382755364188,23775.9928151557,136796.170270908,164539.712103245,180201.92541197,196157.885033177,229852.027041801,13386,1.00038297948963,1,143129.910565376,180201.92541197,221168.637337484,549.760006976416,292.316558430452,249.34499800617,309.836413769604,875.961820616445,145.230700347771,13320,10763,14,3
"N1_0[2]",291540.801570139,250.675579342546,29479.4554490325,237520.990139178,271072.956312114,290717.067267932,310411.54234787,352557.843100246,13830,1.00011268942482,1,245261.815053259,290717.067267932,341372.760323229,782.60664132463,295.746522328845,348.728822801,351.169697422098,938.121543965855,178.080516241007,13866,11471,14,3
"N1_0[3]",217853.625417642,218.20941039662,25643.4149857305,170970.317326818,200136.140783986,216862.19552962,234375.731184639,272176.664764546,13804,0.999918159216249,1,178044.025897786,216862.19552962,261887.145769535,492.151121011848,255.670682415395,253.914850095942,288.038722601836,1080.69491232844,154.694685214359,13789,11313,14,3
"N1_0[4]",148840.628744771,189.540452526169,21571.4190065621,109613.427146503,133794.426643175,147873.663596879,162557.535257968,194173.820374801,12954,1.00011501078489,1,115051.412234111,147873.663596879,186635.170997187,508.50612035847,232.087905830806,250.341021123852,302.103752666808,674.005145197196,134.028358387915,12832,11541,14,3
"N1_0[5]",211523.450920715,48.2398185250998,6483.31242840062,198746.546054519,207167.042299076,211543.098761432,215933.022909673,224169.64375758,18007,1.00060084077641,1,200886.143680781,211543.098761432,222082.337135692,151.137316524793,84.9252155350841,55.828028137752,73.2358080155827,166.54347270928,34.1112531192441,18077,11090,14,3
"N2_0[1]",0.0194651409291836,4.17126270228109e-05,0.00318631108915669,0.0137165433911358,0.0172315865921255,0.0193056343581871,0.0215141436244705,0.0261158718802759,5836,1.00029411808739,1,0.0145283156477302,0.0193056343581871,0.0249426580890081,8.41432164177692e-05,4.81551503504814e-05,4.12570896565281e-05,4.9859666154041e-05,7.69619863355119e-05,2.94967558475272e-05,5669,6670,14,3
"N2_0[2]",0.0303654055285959,4.462542122017e-05,0.00342816598635093,0.0238222682030689,0.0280340830556971,0.0303065047965241,0.0325809174136531,0.0373019643118406,5867,1.00051251258364,1,0.0248755711767315,0.0303065047965241,0.036159367966855,0.000125230107819991,5.31417816102397e-05,4.52199026736363e-05,5.41300398474061e-05,8.05925050829659e-05,3.15564976796501e-05,5829,7636,14,3
"N2_0[3]",0.0442948644975,5.22367850620004e-05,0.00422392262579877,0.0362839716971828,0.0413803736710848,0.0441865558950346,0.0470328875260408,0.0529156390825487,6457,1.00028388428093,1,0.0375447131244058,0.0441865558950346,0.051474769616554,0.000119146606673424,6.13109566279108e-05,4.76423922053243e-05,6.31088164643676e-05,0.000114512056296451,3.69386327434052e-05,6424,8633,14,3
"N2_0[4]",0.0448886614503463,5.67974374357722e-05,0.00448028556427939,0.0364918671740138,0.0418078541970119,0.0447870466733415,0.0478336864364809,0.0540232033419015,6207,1.00025156947287,1,0.0377497421611943,0.0447870466733415,0.0524196427904251,0.000101386055354591,6.87522532319407e-05,6.70678286734394e-05,6.85728464306125e-05,0.000149010784402923,4.01637358214535e-05,6135,8284,14,3
"N2_0[5]",0.0224974974357024,4.2825147571163e-05,0.00333450022308387,0.0162889257078747,0.0201914958469614,0.0223487247797085,0.0246773193132503,0.0293580191113345,6036,1.00042037146403,1,0.0172213418880077,0.0223487247797085,0.0281754440412628,7.6046685135691e-05,5.74709987285343e-05,5.10988073890543e-05,5.51422253441923e-05,7.98762726339254e-05,3.02834091819532e-05,5920,7429,14,3
"N3_0[1]",0.00799372975443105,3.8462958568734e-06,0.000424702656172072,0.00718988236539703,0.00770421072146571,0.00798137125504766,0.0082709166441632,0.00886333944967892,12184,1.00010293246342,1,0.00732278803934388,0.00798137125504766,0.00871098668428748,8.6728922572203e-06,4.2657008412013e-06,5.56135968982595e-06,5.64714211626505e-06,1.29296757008079e-05,2.72345561795498e-06,12214,11439,14,3
"N3_0[2]",0.00654232246221917,2.87692292111832e-06,0.000307773339548764,0.00595774368531649,0.00633498993965707,0.00653524423948579,0.00674474095178038,0.0071648032903886,11457,1.00004977585297,1,0.00604480052486846,0.00653524423948579,0.0070598454041809,9.00292807406913e-06,3.9301371246611e-06,3.24065141854872e-06,4.05896492395533e-06,8.92805691819244e-06,2.03806271074792e-06,11497,11048,14,3
"N3_0[3]",0.0058672837463115,2.28710936894098e-06,0.000255808471063053,0.00538193583405036,0.00569155355803667,0.00586223735660719,0.00603686815400148,0.0063763204345695,12489,1.00016302819329,1,0.00546074754822048,0.00586223735660719,0.00629367535883927,5.32333079899302e-06,3.3139293572548e-06,3.04778419290544e-06,3.10451725926133e-06,5.0008623616077e-06,1.6176448985405e-06,12506,10957,14,3
"N3_0[4]",0.00552700455555681,2.19941601708326e-06,0.00024546455158534,0.00505403756286329,0.0053592026241518,0.00552673761103619,0.00568863183906774,0.00601821878528567,12501,1.0002229564374,1,0.0051297332092881,0.00552673761103619,0.00593546967265399,6.66466779130053e-06,3.01671718786053e-06,2.83864523163658e-06,2.58425002396022e-06,7.38667316283565e-06,1.55525840113507e-06,12455,11209,14,3
"N3_0[5]",0.00776710159411522,3.57547741139837e-06,0.000393956558779252,0.00703022280191141,0.00750124683297779,0.00776102616632596,0.00802126545253641,0.00856425484381743,12125,1.00011171616351,1,0.00713300229783561,0.00776102616632596,0.00843127882820247,1.03890985111679e-05,4.20649082353945e-06,4.3728191102487e-06,4.5153048105883e-06,1.13209542933765e-05,2.5313338668696e-06,12147,11384,14,3
"r",0.0720684714521772,4.48361256233415e-05,0.0048381835327158,0.0628465796957298,0.0687318361277318,0.0719831481270035,0.0752087578378793,0.0819366787250269,11605,1.0002433509365,1,0.0642649649594751,0.0719831481270035,0.0802504492403298,0.000110963586120782,6.76853504560856e-05,5.13514295461676e-05,6.4212476078164e-05,0.000155948425641109,3.17047227964667e-05,11558,10742,17,3
"Q",1.40120363322755e-07,1.31140633279447e-10,1.62886504979127e-08,1.08930971815664e-07,1.29057418497996e-07,1.39691117572613e-07,1.5098905292509e-07,1.73076773423352e-07,15371,1.00007423883086,1,1.13595680491757e-07,1.39691117572613e-07,1.67076348338258e-07,3.75178116116576e-10,2.37937892701207e-10,1.70514900181968e-10,2.09911461655437e-10,4.58471739651276e-10,9.27321845443344e-11,15276,10479,17,3
"a1",8.91923317586525,0.0160604802947808,2.11338754569589,5.16301648974185,7.42510856938449,8.79154869947911,10.2784457793073,13.4290340473131,17263,1.00026140347111,1,5.65105753874329,8.79154869947911,12.627810734323,0.0316693795041512,0.0228723855000439,0.0222730171510159,0.0228114314364021,0.0721556570440178,0.0113566656537995,16544,8872,17,3
"h1",1.90899252287889e-05,4.90229522470218e-09,3.35533354243733e-07,1.84126055347316e-05,1.88699660994389e-05,1.90974600215974e-05,1.9321827205246e-05,1.97187363647665e-05,4684,1.00019252889458,1,1.85184647674712e-05,1.90974600215974e-05,1.96282604132621e-05,1.14090299306318e-08,6.46017040996734e-09,5.11209373502628e-09,5.44388110874317e-09,6.66316890157137e-09,3.46666204604012e-09,4699,7217,17,3
"w1",1.93582202777369,0.0018950027133572,0.288565061112561,1.37398425723128,1.73845585058705,1.9365038004123,2.13086614906366,2.50219566532303,23114,1.00019211891679,1,1.46558945509169,1.9365038004123,2.41142302287147,0.0099395104849056,0.00402838379913029,0.00255780041921538,0.0031732359151837,0.00568474364645044,0.00133998615759284,23095,9688,17,3
"a2",13.5834414484278,0.0411344827960767,3.3024274543243,7.95681318720101,11.2299762272085,13.3399678965685,15.6795781516493,20.7392299644609,6440,1.00025320296824,1,8.63040139083315,13.3399678965685,19.4321123555484,0.0519906239907368,0.0445683519139299,0.052687525132229,0.0559419877515204,0.098065965956124,0.0290877880671388,6313,8893,17,3
"e2",0.0919864907182775,0.000119470667576032,0.0143809121394776,0.0656447692471241,0.0819064911112233,0.0912224963288258,0.101300025347349,0.121687042719612,14471,1.00018966890138,1,0.0695478346603372,0.0912224963288258,0.11670328550894,0.000351127407214068,0.000162712330532395,0.000154960783160664,0.000171502542054891,0.000493164992539007,8.44802204861572e-05,14257,10157,17,3
"d2",0.0449450730423936,5.70090455287722e-05,0.00695919305106649,0.0313657265140427,0.0402694709776741,0.0449577039768777,0.0496891647966746,0.0586212914848168,14869,0.999994771953364,1,0.0334381988938074,0.0449577039768777,0.0563729580222489,0.000193331514864312,9.91886281661962e-05,6.446810037114e-05,8.41726108345257e-05,0.000180116863308512,4.03122715255477e-05,14930,10700,17,3
"h2",0.213261190555832,0.000376881412211818,0.0517647350048363,0.110477419867148,0.178691884124242,0.213647079841953,0.248674088216982,0.314034558071334,18826,1.00031200528725,1,0.127491302192412,0.213647079841953,0.297879548192535,0.00150603697440928,0.000589036146281585,0.000471793503796947,0.000548320338264408,0.00106386526266222,0.000266499519443048,18970,8985,17,3
"w2",30.0978207478506,0.0611400074700066,7.59696957951915,15.4825926064241,24.9247535881732,30.0588188961427,35.2556773522465,45.0840807234073,15409,1.00025510714176,1,17.688279614094,30.0588188961427,42.7485064472214,0.246232383380912,0.104908243479002,0.0728512950804259,0.0776382454523237,0.209097345898204,0.0432333301021357,15246,7996,17,3
"N1_0[1]",162233.750667498,90.1067372033777,11847.8354396827,139445.247165183,154118.189132122,162023.984509635,170294.591608328,185763.419174083,17229,1.00044551240288,1,143049.575486559,162023.984509635,181705.400857513,380.379958236794,147.742322120277,119.635598307097,137.680601797547,390.653173442275,63.7161590184814,17208,11723,17,3
"N1_0[2]",234911.093469848,89.1245486886794,13025.5972379487,209318.559953488,226042.968409151,234942.442584062,243764.960431987,260466.833374627,21265,1.00028045143901,1,213517.175868243,234942.442584062,256283.616474159,292.697669255052,136.814478434142,107.541849140543,136.919029108365,313.152238081049,63.1810521381349,21367,11557,17,3
"N1_0[3]",300856.56977658,91.6657702946443,14142.7819152872,273571.624846183,291097.442299136,300719.131758578,310389.560825822,328922.273783653,23736,1.00080104006755,1,277874.554634923,300719.131758578,324154.736259766,392.54826802868,167.592479045998,132.057687941997,172.255515054509,347.941090667766,65.1277066750704,23842,10398,17,3
"N1_0[4]",375899.031471138,88.0581214823266,14178.071310567,348003.454781676,366405.534502992,375845.061165502,385422.02613017,403781.245509941,25871,1.00031583951749,1,352657.443506662,375845.061165502,399353.384443012,473.447821719485,156.168726375676,111.582607887132,158.224605441908,278.633344454953,62.2671939642927,25912,10257,17,3
"N1_0[5]",350961.141513497,90.0358884828634,13877.865208621,323929.215646115,341818.482930617,350913.343989543,360086.54546728,378595.643166137,23702,1.00078617695951,1,328248.210242069,350913.343989543,374139.854901019,384.073276517971,156.062619111239,125.03943493776,148.952663239004,378.086610523838,63.6707151685107,23792,11427,17,3
"N2_0[1]",0.0938663716918431,0.000307968305556257,0.0221595441230555,0.0550986257242266,0.078481250630878,0.0922065325032111,0.107391192776233,0.141749085880129,5174,1.00011279297179,1,0.0604388155986848,0.0922065325032111,0.132918080832454,0.000545994072901547,0.000338788245724295,0.00031508737879022,0.000353245428439994,0.000706874304145538,0.000217778746469761,4978,6015,17,3
"N2_0[2]",0.0517123294503725,0.000198654982823696,0.0135652842541716,0.0285063825878801,0.042185896997951,0.0506047640161075,0.0599821649004559,0.0816271287324939,4661,1.00009180727023,1,0.0314999764651518,0.0506047640161075,0.0760707526212824,0.000255517379600442,0.000193860467615686,0.000237386978708648,0.000214142880182355,0.000522114722305109,0.000140479072969823,4485,6251,17,3
"N2_0[3]",0.0467951664660159,0.000163221663549153,0.0119608741651819,0.0263410973042221,0.0384533645482674,0.0457817359953285,0.0540424631592796,0.073131151220019,5368,1.00009834180936,1,0.0289758294114416,0.0457817359953285,0.0679842876541683,0.000200241972259207,0.000179315843536667,0.000168747046835747,0.000190401836588867,0.000374848730979503,0.000115421414554376,5146,7025,17,3
"N2_0[4]",0.0155520638045827,8.5084173210086e-05,0.00573480442764264,0.00656240013597677,0.011456296017826,0.0147469044748109,0.0187401327327847,0.0289282619739303,4541,1.00018313026048,1,0.00767618062164515,0.0147469044748109,0.0261639097449828,0.00011174834140124,8.94188127997173e-05,9.02667352952824e-05,0.00010803366565758,0.000225835198950976,6.01674589156884e-05,4250,5804,17,3
"N2_0[5]",0.0436482503395538,0.000182431499750469,0.012459401226242,0.0228828548655735,0.0348017556832937,0.0423848138839239,0.0510623438168388,0.0717576475691592,4662,1.00013837430956,1,0.0256017796935362,0.0423848138839239,0.0661747074890511,0.000217042440334641,0.000184643894632627,0.000205018968574038,0.000230917591161242,0.000497648672953543,0.000129006617677492,4448,5543,17,3
"N3_0[1]",0.00642996230307036,5.2918916750729e-06,0.00070736774477488,0.0051735500732792,0.00594239936847413,0.0063884473729004,0.00686055619758518,0.00793421301031904,17823,1.00022592162372,1,0.00534705029448148,0.0063884473729004,0.00766484430676482,1.52315222609256e-05,7.24258444683139e-06,7.08471450304449e-06,8.63085056491313e-06,1.70275943867405e-05,3.81297544667203e-06,18264,11186,17,3
"N3_0[2]",0.00662879352291366,5.0076549938081e-06,0.000632422955630896,0.00545826553287677,0.00618776462304506,0.00660421505995008,0.00704171130772218,0.0079224054707503,15933,1.00016044121473,1,0.00563913234820517,0.00660421505995008,0.00770478860158747,1.35734904094958e-05,7.53871729741989e-06,6.85553534092876e-06,7.07285759890064e-06,2.8385244087277e-05,3.54281995857045e-06,15861,11222,17,3
"N3_0[3]",0.00837397120745211,7.07719123879823e-06,0.000828565908345979,0.00681257500344606,0.00781210308479586,0.00834558820044129,0.00890993277337052,0.0100796115877097,13683,1.00013142496444,1,0.00707130640579095,0.00834558820044129,0.0097861747988207,2.12797323144503e-05,9.08976412843446e-06,8.13116901385563e-06,9.83361184909992e-06,2.25702657461494e-05,5.00443641264186e-06,13615,11227,17,3
"N3_0[4]",0.0056700657359094,4.83245516342633e-06,0.000557417157524513,0.0046229658951011,0.005287158260079,0.00565579047678825,0.00603558052441156,0.00680169463466006,13286,1.00002292675872,1,0.00478398466762702,0.00565579047678825,0.00661414078973224,9.92399966908081e-06,7.50900581293493e-06,5.26608468264531e-06,6.14086424004364e-06,1.68621869622177e-05,3.41713674145746e-06,13171,11018,17,3
"N3_0[5]",0.00629601276910768,5.71187167175396e-06,0.00063361518814101,0.00510204426539547,0.00586687194112242,0.00628201238498413,0.00670645881731025,0.00759963644883636,12274,0.999979737560418,1,0.0052802670412262,0.00628201238498413,0.00737356668774621,1.38300457776653e-05,9.62269756780336e-06,6.96749399455542e-06,6.9286228726248e-06,1.3717770894311e-05,4.038998949015e-06,12185,10660,17,3
"r",0.0815859502654865,0.00015972468761787,0.0131319508894029,0.0565674660422905,0.0725843340144205,0.0811547669646162,0.0903139637503964,0.10816485981039,6727,1.00085458436967,1,0.060357829617909,0.0811547669646162,0.103615069604052,0.000378804928947128,0.00018867655509177,0.000187318024847893,0.000204879748538486,0.000321209587597321,0.000112947283459988,6643,7662,20,3
"Q",2.82642811534013e-07,5.05686467059992e-10,3.89334620657561e-08,2.06398339084737e-07,2.56971049907649e-07,2.82309662351331e-07,3.083536425666e-07,3.59541816403414e-07,5857,1.00114576321597,1,2.18845352862446e-07,2.82309662351331e-07,3.46358229927463e-07,1.39437498593305e-09,6.70588276399431e-10,5.7242415133529e-10,6.3020026516648e-10,1.21010888403578e-09,3.57591926218087e-10,5919,6542,20,3
"a1",5.43642513708248,0.0439126854286966,2.46128138678069,1.53730050021837,3.57653931875408,5.15903027469653,7.04187243387137,10.8374279465752,3121,1.00210170429702,1,1.87185743488433,5.15903027469653,9.90948862987976,0.0487225703489929,0.0506701606830831,0.0464085206453539,0.0464610007352477,0.0701826995450636,0.0310538409381209,2575,2898,20,3
"h1",2.00196500650753e-05,9.76470035925266e-09,4.49680669359658e-07,1.88939632113483e-05,1.98082818616022e-05,2.00899805821964e-05,2.03191231561519e-05,2.06904256612684e-05,2101,1.00218822820718,1,1.91878686228167e-05,2.00899805821964e-05,2.06023207377012e-05,5.27228094686697e-08,1.32554540201009e-08,7.30212921395408e-09,6.16075121551702e-09,6.50015446823408e-09,6.90563566065473e-09,2554,2448,20,3
"w1",1.00670252591864,0.00534655493800711,0.521372235410815,0.114424111268982,0.616314561602739,0.981276397879578,1.35393878172176,2.10162074947093,9412,1.00061902827016,1,0.195181397044091,0.981276397879578,1.91888079914745,0.0105311386235089,0.00968274904207106,0.00658010425619282,0.00621338534468086,0.0119652605465097,0.00378070123423442,7581,4206,20,3
"a2",16.1926605198932,0.0833043146630898,4.7821989733788,9.06882345270133,12.783043154801,15.4485672372929,18.8028037236667,27.3927319268724,3295,1.00062044302735,1,9.83116136399546,15.4485672372929,25.1233451126041,0.0882477313579439,0.0646219748255614,0.0759193120517745,0.121284105568952,0.364822552639119,0.0645390596092085,3721,4376,20,3
"e2",0.10362788106824,0.00020799612556675,0.0166272701254914,0.0734143267204253,0.0919640848875131,0.102821506786384,0.114592673057386,0.138089157232482,6370,1.00039801877995,1,0.0778250395527524,0.102821506786384,0.131814948381565,0.000698106300354343,0.000220651104211711,0.000250842940578241,0.000281679577406609,0.000505004268187226,0.000147082184183533,6155,5233,20,3
"d2",0.0347084434333358,0.000129038429270244,0.00979141537103894,0.0159865461071763,0.0280985909876991,0.0345458242002803,0.0411463592169674,0.054657534049749,5704,1.00005867631884,1,0.0189768085235837,0.0345458242002803,0.0511065031583086,0.000321135512405058,0.000165652307523283,0.000145010846574735,0.000125902983533079,0.000291504675467763,9.12485708292096e-05,5709,7355,20,3
"h2",0.173176464789684,0.000880890860430397,0.0657747391832264,0.0435747923487839,0.128745498681688,0.173956215784995,0.217158393667293,0.302183526636763,5533,1.00096630115904,1,0.0639906373666972,0.173956215784995,0.280481190945444,0.00242733421463614,0.00116675707094288,0.000814707151286787,0.00100724336749851,0.001690735670802,0.000622916489696221,5397,4763,20,3
"w2",21.4597928381445,0.104756244081005,8.36422374606906,5.77490426561573,15.5953529315149,21.2379231595219,27.0639257388427,38.5058843503058,6377,1.00018189143837,1,8.18749938315042,21.2379231595219,35.6621084910751,0.356731218821567,0.140095997162336,0.105132745702415,0.1088704049589,0.235230816945684,0.0740772396785594,5953,4568,20,3
"N1_0[1]",273922.237613061,686.090572752599,55331.0171676322,175023.878860252,235208.900001311,270774.56571727,309151.800544298,393065.754311015,6459,1.00060005032428,1,187941.592816949,270774.56571727,370529.346914638,1092.42182848732,755.978280877505,747.915590441815,840.128656511224,1906.43518916835,485.161053523848,6481,9344,20,3
"N1_0[2]",193959.197828928,582.482584914307,47097.7247320537,113280.436070276,160151.025663323,190390.199441342,223759.22907952,296250.684234357,6520,1.00065178561673,1,122794.408871237,190390.199441342,276643.065367367,1096.01276047351,647.170665341866,651.261164520285,825.700510444964,1763.84862992584,411.895761044096,6437,9036,20,3
"N1_0[3]",520639.194417609,1353.12671912538,96037.9786756471,338538.169981375,455277.690631293,519293.443794267,583711.462160378,713890.335856583,4957,1.00134123521559,1,363620.072866888,519293.443794267,683126.850502263,2636.81623563758,2111.24168473275,1412.42468302549,1365.33395213715,2337.87884038471,956.860482014913,4856,5079,20,3
"N1_0[4]",288332.531622455,1400.63570332204,87746.7585818634,135151.444065124,223181.205580998,285447.923302085,347445.191440949,466874.671386404,3858,1.00137490984406,1,151709.727703276,285447.923302085,439103.207573152,1891.84835304199,1928.62039139158,1512.75535551325,1243.78982897571,1781.2854269002,990.472615055827,3660,5518,20,3
"N1_0[5]",415070.995858174,57.1255930335196,6820.93064910095,401540.307370568,410486.854378293,415025.25376378,419710.486053687,428330.807843707,14233,1.00003671800976,1,403930.701138296,415025.25376378,426270.752862579,187.570441410033,79.9382882790233,66.866350394499,86.2728811846464,151.684625045746,40.3947202972714,14267,10730,20,3
"N2_0[1]",0.0368727450179388,0.000164131201390097,0.0112688641006191,0.0187887747339129,0.0288260676152353,0.0355585626100448,0.0434192212578868,0.0631467858540709,4713,1.0007424069679,1,0.0209991593655471,0.0355585626100448,0.0573845232490664,0.000201668379654922,0.000177586161093294,0.000175643680622378,0.000228920741504948,0.000539699713542278,0.000116065467277421,4412,6646,20,3
"N2_0[2]",0.0816257409292292,0.000438640133155,0.0273792668867667,0.0419110861696848,0.0610334922103102,0.0769661851205089,0.0975776088264165,0.144499226296008,3893,1.00099105044493,1,0.0457058208308104,0.0769661851205089,0.133174470758543,0.000300064147241933,0.000408154385405913,0.000503656574031945,0.000653447640617269,0.000957580707423827,0.000310188635078902,3834,7041,20,3
"N2_0[3]",0.0383366693926868,0.000149759961757952,0.0104393207097902,0.0206385915942619,0.0309452616937738,0.0374145006318608,0.0446767571282831,0.061433167905104,4856,1.00082106699885,1,0.0228902677402437,0.0374145006318608,0.0568094483286081,0.000287167604166031,0.000152123109290294,0.000161237010353785,0.000188739105330207,0.000320476700526012,0.000105902641524524,4645,5565,20,3
"N2_0[4]",0.0229399876169058,0.000338261784264085,0.0158049836004407,0.00835611246169328,0.0139518916511048,0.0183701228565596,0.0249401547258587,0.0706313553897081,2152,1.00285572502656,1,0.00948239719120592,0.0183701228565596,0.057262445743515,9.22158729690301e-05,9.24885000667258e-05,0.00013344973659047,0.000351914147779063,0.00216099007667777,0.000239219164000256,2847,3466,20,3
"N2_0[5]",0.0553180507473358,0.000232940740300268,0.0145581349523853,0.0290909077857121,0.0450548260892056,0.0546773270336688,0.0646421844228316,0.0859236547606298,3893,1.00118881028479,1,0.0327778314835314,0.0546773270336688,0.0801804112563281,0.000468381877027666,0.000272518210877003,0.000271186862728368,0.00027703519130759,0.000445378652134162,0.000164726278516309,3748,4749,20,3
"N3_0[1]",0.00506726728357418,1.03100289270118e-05,0.000687710914860328,0.00388916298316587,0.00458907983086706,0.00501135309964245,0.00548327535435871,0.00659260879959974,4388,1.00107546741601,1,0.00405199905864301,0.00501135309964245,0.00628928609888694,1.23687171105079e-05,9.18911802415658e-06,1.07678328885356e-05,1.41489108512398e-05,2.02410786398731e-05,7.44313676103277e-06,4765,5982,20,3
"N3_0[2]",0.00697765332986562,1.87893334245193e-05,0.00122131260645157,0.00476558261403382,0.00610504793630243,0.00692798282106977,0.00777290667590765,0.00953630023329278,4199,1.00081912382082,1,0.00506886911599184,0.00692798282106977,0.00907452663466603,2.77784348416779e-05,2.11766591975233e-05,1.89966991160349e-05,1.82653367404532e-05,4.29179919429739e-05,1.3286982367342e-05,4134,7545,20,3
"N3_0[3]",0.0052650585949853,6.5967028092697e-06,0.000622091568122935,0.00413402263511516,0.00483944258078109,0.00522802248033071,0.00565978238065519,0.00657681444529562,8844,1.00017026412616,1,0.00430209306349576,0.00522802248033071,0.00633740241299896,1.2056083698535e-05,6.83932770698028e-06,7.19226776259296e-06,9.38730893245603e-06,2.05300849192322e-05,4.72696464849138e-06,9103,8512,20,3
"N3_0[4]",0.00778243645963755,1.50394093367604e-05,0.00107956137165255,0.00561676831483794,0.00708170550972017,0.00777230078669533,0.00847230839539457,0.00995235551300445,5062,1.00092901748957,1,0.00601279136582741,0.00777230078669533,0.00960149142895012,4.76511608130921e-05,1.89144333878981e-05,1.50962626141657e-05,1.49550980878361e-05,3.38748688905356e-05,1.06350703537471e-05,5199,5137,20,3
"N3_0[5]",0.0045188724098372,6.59229912698044e-06,0.000555279181372138,0.003532260949137,0.00413373537935618,0.00448536449333554,0.00485446407102297,0.00571856029534153,7072,1.00013795596275,1,0.00367469085753257,0.00448536449333554,0.00548407999082874,1.26368242906558e-05,5.98366878909289e-06,6.49426069327871e-06,9.16062696765686e-06,2.47635329223379e-05,4.78249401357162e-06,7503,7401,20,3
"r",0.157347114018966,0.000177463781292185,0.0131708736775475,0.132058635032115,0.148367104913725,0.157204857574224,0.166056645999231,0.183991252591182,5491,1.00004955716179,1,0.136103263058031,0.157204857574224,0.179483870757101,0.000416832849015211,0.000206615648751796,0.000210640645676677,0.000212441043739367,0.000400372580598551,0.000125492488263362,5476,7054,23,3
"Q",2.02703063478377e-07,1.58610890013568e-10,1.62576426243187e-08,1.71390859490342e-07,1.9178468114944e-07,2.02479780766307e-07,2.13347094900514e-07,2.35660006756984e-07,10484,1.00018123863552,1,1.76520012827016e-07,2.02479780766307e-07,2.30017200641768e-07,6.39555756201394e-10,1.8812368101548e-10,1.66794577417104e-10,2.39341570002668e-10,4.83011983046142e-10,1.12157948977946e-10,10448,9121,23,3
"a1",5.80187640558214,0.0326640549688136,1.89087160715635,3.11118277776761,4.3887062790971,5.44873886982407,6.86089940656969,10.3563017878664,3339,1.00275619802465,1,3.3597337330243,5.44873886982407,9.44015413926409,0.0185750285121047,0.0294705533602646,0.0331758703239382,0.0459873072469343,0.0930997934313078,0.0230989853558587,2993,5547,23,3
"h1",4.14323782903978e-06,5.01361916422369e-09,2.40264490566736e-07,3.59648034616803e-06,3.99473886551853e-06,4.17562849943473e-06,4.31958009262301e-06,4.52168283228891e-06,2283,1.00248600664985,1,3.70346154405525e-06,4.17562849943473e-06,4.48301322293692e-06,1.34784282629703e-08,8.01911108557674e-09,5.45290379201618e-09,3.36537593399709e-09,3.03768437241214e-09,3.54561445017182e-09,2462,3519,23,3
"w1",2.21457986923268,0.00498869214069805,0.540757378848511,1.16137416740957,1.84536545110176,2.21244839509135,2.58363995043241,3.26921561385554,11643,1.000460817104,1,1.32281870085148,2.21244839509135,3.10155238800693,0.0156582871969444,0.00787093914662063,0.00562841823589011,0.00669944532655098,0.0102772292964712,0.00352762560931618,11669,6944,23,3
"a2",32.4441181588073,0.118694785209861,7.43062280038435,20.2868502378871,27.1389437749173,31.576075760752,36.9350394974739,49.0062396639638,3901,1.00099706659705,1,21.7564595109742,31.576075760752,45.8706077557295,0.135204724175168,0.121435465685291,0.14601445834877,0.182887994680797,0.345909568800337,0.0839361344534946,3930,7040,23,3
"e2",0.0573804949758919,0.000201980863805453,0.0122343308950072,0.0355265593630629,0.0487250046007105,0.0567436606926613,0.0652429631522926,0.083113408204517,3649,1.00134317856369,1,0.0386304406958596,0.0567436606926613,0.0787747058446103,0.000290013347400763,0.000280370143446732,0.000238834265494488,0.00023452575153457,0.000438937708833506,0.000142833393764847,3502,5168,23,3
"d2",0.0206605448419509,5.86656356308856e-05,0.00580506847301166,0.00952787670978421,0.0167118932747594,0.0205970604577346,0.0245059744292795,0.0324141741272938,9754,1.0002773957466,1,0.0112469460629748,0.0205970604577346,0.0303910436160668,0.000174331866668636,8.11291858088727e-05,7.05978731265298e-05,6.50522974968235e-05,0.000110674213894692,4.1484104470846e-05,9556,6037,23,3
"h2",0.189840020191609,0.000968488221637366,0.0568794095684844,0.0831391268291055,0.150456573739726,0.188478261313361,0.227599385311801,0.304952942306051,3434,1.00111025912915,1,0.0979852734986421,0.188478261313361,0.286048174288364,0.00219759428409568,0.00120349149242822,0.000957193808521467,0.000913707492318991,0.00116955629750992,0.000684882506566221,3340,3607,23,3
"w2",11.0477377446946,0.0775158417299923,7.22791258758207,0.565042168093106,5.44439551829282,9.98417358160709,15.6624093998871,27.3048573719726,8680,1.00021258563782,1,1.13974370089217,9.98417358160709,24.4399036380333,0.052169956612466,0.114361849983331,0.107204801564054,0.112201238363235,0.122989326849979,0.0548138161881409,7255,5126,23,3
"N1_0[1]",378687.580627496,439.100571071003,35659.1823589516,310705.253201921,354705.980465316,377777.898415214,402112.120293327,450515.016729885,6582,1.00016340300953,1,321535.191446281,377777.898415214,438551.525052312,711.775249575061,618.216140650504,489.514901241113,494.832809391257,983.79346634727,310.504723701222,6520,7739,23,3
"N1_0[2]",261637.361448159,266.132317964229,21386.7133920373,220444.397359895,247231.202303865,261129.374086403,275608.011012053,304755.551480918,6443,1.0008579488671,1,227558.851998436,261129.374086403,297450.317948632,586.797343458951,328.600641626472,299.539505902765,321.882066286373,586.235489935061,188.192466976335,6380,7689,23,3
"N1_0[3]",255165.070596844,236.612453773622,21109.021226815,216936.914112241,241020.798805559,254266.268351671,268019.439048832,299886.403930283,7938,1.00013321280716,1,222693.213318822,254266.268351671,291189.128411187,431.999946632393,226.462159559043,244.757221726846,317.054080434842,881.402935434919,168.652437771765,8212,9123,23,3
"N1_0[4]",231972.19210216,343.206437000156,23721.6977204075,192203.498120412,215796.371574619,229397.864106541,245072.362478294,286267.999693123,4764,1.00094155745512,1,198178.709462795,229397.864106541,274701.777609021,535.212655687908,313.6883956854,320.86383553379,406.344217094724,1289.00640391844,243.045848970712,4888,6722,23,3
"N1_0[5]",223604.410412435,58.6689752543889,6571.72257862029,210656.758907736,219101.553001022,223617.877066642,228005.270062721,236361.57471042,12556,0.999936910851299,1,212737.104331724,223617.877066642,234466.064124007,162.492183428738,77.2878498196951,78.029518442112,91.0165855398227,201.643173195567,41.4861944204139,12535,10997,23,3
"N2_0[1]",0.077375164525663,0.000531243426641704,0.0305715272332512,0.0254558019446129,0.0554918869166172,0.0749811583006054,0.0964584554020248,0.144610047657398,3301,1.00065696094883,1,0.0313207462352773,0.0749811583006054,0.131319709323555,0.000740964091838268,0.000632870085673108,0.000557888168568089,0.000602968984325644,0.00103316577733281,0.000375678918408526,3055,3466,23,3
"N2_0[2]",0.0898761977556981,0.000423691926888557,0.0281734930544606,0.045284756285948,0.070059965323146,0.086650494308631,0.105811452137257,0.154061745806239,4402,1.00043457649503,1,0.0501480599695328,0.086650494308631,0.140133848009795,0.000539416048802668,0.000397668912143441,0.000485753745568578,0.000566566463852933,0.00142838557746218,0.000299615199576717,4146,5969,23,3
"N2_0[3]",0.116873970657042,0.000677528668449774,0.0417318965056914,0.0546668043873517,0.0869147384659597,0.110526547632458,0.139764600150378,0.214685354069415,3746,1.00107370359069,1,0.0615200437381603,0.110526547632458,0.193576446572978,0.000609140447761114,0.000628289756317117,0.000678553639381074,0.000895653920123446,0.0025039701791553,0.000479121952211143,3609,6626,23,3
"N2_0[4]",0.0762441643969262,0.000499620004281084,0.0299214178468005,0.03368303865613,0.054765736494104,0.0705325137464391,0.0922278223379126,0.147795132186012,3570,1.00204556640249,1,0.0381904589603105,0.0705325137464391,0.133066964363177,0.000484548607787048,0.000396006037539007,0.000517079078172576,0.000754907527655203,0.00155864370540663,0.000353313426683152,3389,5598,23,3
"N2_0[5]",0.103016962391712,0.000556733668677575,0.0345947056926339,0.0470805205280227,0.0777828973583099,0.0989787538851702,0.124157728051585,0.18099857866019,3850,1.00164601619018,1,0.0534565793909224,0.0989787538851702,0.165574509713313,0.000570377299086346,0.000547510305765754,0.00060706177795148,0.000755664256166612,0.00112350403738168,0.000393699893360105,3679,5161,23,3
"N3_0[1]",0.00567267540213548,1.00662062218035e-05,0.000622952227893063,0.0046237480294094,0.0052540021753517,0.00561401482408228,0.00601827256270742,0.00707197518936158,3820,1.00084950409914,1,0.0047742955802596,0.00561401482408228,0.00678720157432742,1.50212870784643e-05,7.78007547247482e-06,7.45193475178369e-06,1.21673190583787e-05,3.73117261319375e-05,7.32435126844319e-06,4392,4082,23,3
"N3_0[2]",0.005386083411402,6.56961896992016e-06,0.000546825411078116,0.00439612116066091,0.00501107448754572,0.00536151572812401,0.00572330365836033,0.00655648966985529,6875,1.00044270205439,1,0.00453976718799594,0.00536151572812401,0.00632744712199909,1.43483302068306e-05,6.57378749295079e-06,7.09437642896701e-06,8.8338671511627e-06,2.1511691282285e-05,4.71254326564942e-06,7187,8230,23,3
"N3_0[3]",0.00696840022711911,8.49290430982246e-06,0.000736473104635182,0.00554798537317426,0.00647182686581434,0.00696126639795502,0.00745010661563946,0.00843077387404933,7363,1.000422557532,1,0.00577291424087528,0.00696126639795502,0.00819484627925978,1.93635676297536e-05,8.65802180197335e-06,9.14192468332844e-06,1.17300943151097e-05,1.6856215967114e-05,6.00562317939742e-06,7441,9076,23,3
"N3_0[4]",0.00667818390066141,6.81816664208431e-06,0.000665437773401457,0.00543303268017764,0.0062223337433399,0.00665475396185193,0.00711538214833998,0.00805445977775648,9493,1.00110852583563,1,0.00561617147845443,0.00665475396185193,0.00780535878965233,1.05024350901136e-05,9.37561259882697e-06,8.27933809486453e-06,9.26533503963845e-06,1.93597744527199e-05,4.82131950847389e-06,9455,10310,23,3
"N3_0[5]",0.00542708340827212,7.92389758736243e-06,0.000608795009233804,0.00430526913701585,0.00499762658398647,0.00540177850150325,0.00583705270295698,0.00666039519396456,5873,1.00110062562971,1,0.00446687972779544,0.00540177850150325,0.00645833580040395,1.08319128629074e-05,7.90809441122108e-06,8.294264396727e-06,1.22746826800879e-05,1.41752397037924e-05,5.60331858453026e-06,5914,8800,23,3
"r",0.149584861091625,0.000111127782554152,0.00970396864695262,0.131257588360907,0.142905155489381,0.149359913126622,0.155827435844799,0.169542794173921,7602,1.00047038176614,1,0.134245645997866,0.149359913126622,0.166040222945873,0.000365558500072707,0.000129951819574842,0.000144094795751587,0.000147364718516882,0.000238572919635457,7.85822143471861e-05,7621,10068,26,3
"Q",1.92537945943611e-07,8.29308231584022e-11,1.05971384076182e-08,1.72517268434672e-07,1.85413344150467e-07,1.92120701421571e-07,1.99398734109187e-07,2.14538504961135e-07,16299,1.00022887986518,1,1.75634173251899e-07,1.92120701421571e-07,2.10600311336497e-07,2.50117431101792e-10,1.08292961368966e-10,1.09710912884067e-10,1.33482012485047e-10,2.90482848293543e-10,5.88048132002034e-11,16353,10372,26,3
"a1",4.44466651775337,0.0277302408453865,1.96499383611944,1.88710962759815,2.98046432286753,3.99471007252129,5.48568278703196,9.34190117734209,4971,1.00057579867105,1,2.09479139204018,3.99471007252129,8.32984198678061,0.0188514589861832,0.0207479164111093,0.0336751607423105,0.0466337052687678,0.0855571426927915,0.0196093804318175,4326,6764,26,3
"h1",1.09413662805042e-05,4.82601879596009e-09,3.03659349371901e-07,1.02138768018376e-05,1.07730387430987e-05,1.09925293619153e-05,1.11644843398984e-05,1.13783774255637e-05,3935,1.00090964391501,1,1.03751378571984e-05,1.09925293619153e-05,1.13347177281057e-05,1.54704628743005e-08,7.02464950619626e-09,4.69351198180267e-09,3.65399571493874e-09,3.66072843777915e-09,3.41276204639159e-09,4356,5787,26,3
"w1",1.98868728036265,0.00688390561922541,0.695513247655576,0.632826747540303,1.51043326284871,1.99325965840292,2.46158615081705,3.35841778492934,10175,1.00011648597327,1,0.835904095207721,1.99325965840292,3.12694686243623,0.0192541307736963,0.010853214652248,0.00802958957137667,0.00679380395451612,0.0137507739783609,0.00486779540983066,9921,5503,26,3
"a2",24.6563243234664,0.0698072510672328,5.14591191210999,16.9733059933622,20.9891877094028,23.8290951214339,27.4459119768462,36.9177557303742,5445,1.0013598508984,1,17.8719831670745,23.8290951214339,34.2525605538543,0.071695870597928,0.0543173188820276,0.071397857636228,0.112703962535207,0.307986920624462,0.0499749489474499,5836,6892,26,3
"e2",0.0626343764780345,0.000179226845317837,0.0139687042373253,0.0374637501495322,0.0528132200332856,0.0618210767191622,0.0717591108967797,0.0918788560607146,6063,1.0010234896272,1,0.041075092766648,0.0618210767191622,0.0866135694365194,0.000338794883137993,0.000209234383440168,0.000230401623083552,0.000216546851967848,0.000447991554625438,0.00012673860325564,5815,6656,26,3
"d2",0.0387656264567416,8.35753283321246e-05,0.00849620361316498,0.0221269546102386,0.0328700015583824,0.0388151670774469,0.0445201528146934,0.0553627739100814,10328,1.00046293862269,1,0.0247921020383268,0.0388151670774469,0.0527295696454638,0.000234117429257365,0.000125622826229174,0.000102718104809243,0.00010230830472702,0.000218388402173891,5.90983496591161e-05,10298,8459,26,3
"h2",0.0467126601258596,0.000397886549665894,0.0357199391172387,0.00195644231542013,0.0188075465312684,0.0395042987704309,0.0663732208181634,0.133941838629926,8032,1.00004722641788,1,0.00398339368390756,0.0395042987704309,0.116443023900404,0.000128041245223573,0.000398282448376785,0.000481112195818874,0.000624299292382856,0.00138817052130301,0.000281358459520398,7171,7120,26,3
"w2",5.68679275671047,0.0458363169231654,4.65346491860619,0.164243589139266,2.03621417860854,4.55540091395634,8.23828456904784,17.1879514206452,10317,1.00071743681477,1,0.367864679193424,4.55540091395634,14.8478224448257,0.0106642934686033,0.0436558720107952,0.0566444761507818,0.0780959935905639,0.185890485883183,0.0324120876143419,8560,6842,26,3
"N1_0[1]",237960.944769257,317.577465233133,28036.9675193791,187494.960549854,218754.991028737,236326.958215783,255436.067482549,298121.552657969,7789,1.00030175991561,1,194590.221503063,236326.958215783,286775.415724539,540.324258893612,369.036701779405,281.108841303663,406.090747675378,1018.16306931767,225.272363514841,7821,9267,26,3
"N1_0[2]",227667.029155796,309.153819618466,28704.9206057568,175454.168950864,207614.229406515,226359.380939453,246043.864664746,288165.856452636,8578,1.00027693632197,1,183521.102597581,226359.380939453,276926.733208269,558.643411630517,337.548017185793,370.89727854637,428.08229837309,1066.19504233939,218.612158541593,8579,10120,26,3
"N1_0[3]",252250.868378466,320.147521922777,29743.9590411772,198535.789465175,231582.498368839,250469.205465355,270669.922108341,315952.846046839,8596,1.00021936319775,1,206452.80601437,250469.205465355,303813.418025412,642.730924100659,380.203719252328,411.282932582209,438.200337943039,1127.96197005201,228.019779313419,8768,10019,26,3
"N1_0[4]",277317.213050327,342.224649070133,32268.7646345347,219093.169142137,255065.719624441,275451.055224692,297515.618451555,345609.807891164,8865,1.00013151406883,1,227989.999927857,275451.055224692,333846.148405285,931.953991749062,418.652157810648,415.102423563978,490.266244714148,1074.70826795767,241.997308887806,8830,9885,26,3
"N1_0[5]",288169.032844028,48.6976968911226,6690.55169905256,275148.040873751,283643.940999045,288197.823633112,292695.068474431,301318.083982935,18829,1.00035030025427,1,277115.918153229,288197.823633112,299314.594237926,175.412116594409,84.9523329767107,61.1778911876609,83.9543239727791,214.301888412825,34.4350038960951,18862,9891,26,3
"N2_0[1]",0.0511434456616179,0.000278453191539102,0.0216320369134844,0.0221377735308039,0.0357141435622081,0.0467592670861297,0.0619659423416596,0.105118228269809,5981,1.00027139037861,1,0.0249581201972036,0.0467592670861297,0.0924739592719463,0.000244995956480266,0.000192089826343691,0.000323177451028001,0.000447327963242709,0.00103060352270035,0.00019690565615962,5533,8318,26,3
"N2_0[2]",0.0317504631902304,0.000169868812858346,0.0142333584875116,0.0129095385614087,0.0219777826020824,0.0286985440602645,0.0383131520021848,0.0685254327263896,6990,1.00046141944795,1,0.0146900778424066,0.0286985440602645,0.0590322143789599,0.000193005989554947,0.000129841261508471,0.000167515125250008,0.000263108039545008,0.00100309871816927,0.00012012037969841,6830,9124,26,3
"N2_0[3]",0.0683056919011259,0.000379704948674684,0.027666038220151,0.0309480961547108,0.0481837562544694,0.0623901410131829,0.0826531772149757,0.137561110900878,5259,1.0005716749184,1,0.034465805545506,0.0623901410131829,0.121254692535034,0.000252090436845716,0.000289777047076372,0.000423771482405255,0.000625086695830279,0.00135133790253515,0.000268506696013887,5023,9228,26,3
"N2_0[4]",0.0542875431747611,0.000241349963946219,0.0194233987770586,0.0265115889082501,0.0407523383156819,0.05083188582692,0.0640254590377014,0.102317452516997,6402,1.00051470140604,1,0.0294322539978091,0.05083188582692,0.0907844082964288,0.000221507767370503,0.000187732729328833,0.000231207281817102,0.000337291387384885,0.000849103109697727,0.000170667882156028,6221,8972,26,3
"N2_0[5]",0.0657462719176372,0.000240522692220202,0.0192247290740555,0.0357949093288376,0.0521182594551127,0.0631117840895056,0.0764895009001879,0.110836027377246,6343,1.00030177860196,1,0.0393318919229457,0.0631117840895056,0.100984703652066,0.000315930405102673,0.000220361084175787,0.000267791055527142,0.000342778513621814,0.000798384661927588,0.000170082991981159,6220,8998,26,3
"N3_0[1]",0.00616887004318401,6.84005989654393e-06,0.000721544503581537,0.00479970731236408,0.00568319030048102,0.00614180719183901,0.00663792294615288,0.00766947759165468,11028,0.999971221051293,1,0.0050199306968385,0.00614180719183901,0.00739673746955569,1.82056808580781e-05,7.39428141091928e-06,7.84665740691465e-06,9.71448105386219e-06,2.00804658812177e-05,4.84058700064648e-06,11111,10873,26,3
"N3_0[2]",0.0050838394809275,5.6257256640177e-06,0.000606492785264874,0.00396138466125264,0.00466543991009421,0.0050611650770408,0.00547714044313818,0.00633886770298211,11609,0.999998537428351,1,0.00412183350085276,0.0050611650770408,0.00610874474652426,1.27462689972577e-05,7.73681132100858e-06,7.58880865355926e-06,7.62421101302771e-06,1.76720301602374e-05,3.97808862847041e-06,11527,9997,26,3
"N3_0[3]",0.00738804394556888,8.3569870630083e-06,0.000928987716910396,0.0056534586229382,0.00674916236170126,0.00735372196284084,0.00799690578132052,0.00931296230489746,12328,1.00011882799181,1,0.00591251610923201,0.00735372196284084,0.00897871598724004,1.84525406799478e-05,1.19208318513889e-05,1.04706385760057e-05,1.28836484154671e-05,2.52876666153833e-05,5.90942168460299e-06,12291,10129,26,3
"N3_0[4]",0.00615483248903732,7.11590328269899e-06,0.000775927380078029,0.00473425809905082,0.00561981216716479,0.00612089261114898,0.00665409318186291,0.00776506307144779,11871,1.00023578285377,1,0.0049409432309104,0.00612089261114898,0.00746949168515257,1.4139587480646e-05,9.52641491021441e-06,7.80439468719019e-06,8.6344809077871e-06,2.30275124440964e-05,5.03182689069086e-06,11742,9288,26,3
"N3_0[5]",0.00541725193746249,5.36796598572778e-06,0.000645403847131473,0.00422619014169599,0.00497679574243131,0.00538651562235844,0.00582658517707044,0.00677022103876669,14420,1.00016163877451,1,0.00441466427847993,0.00538651562235844,0.00652706824433973,1.43780755366852e-05,7.87174493426402e-06,5.35235489149827e-06,8.51988996568038e-06,2.31096422322846e-05,3.7988980701411e-06,14327,10752,26,3
