"Parameter","mean","se_mean","sd","X2.5.","X25.","X50.","X75.","X97.5.","n_eff","Rhat","valid","Q5","Q50","Q95","MCSE_Q2.5","MCSE_Q25","MCSE_Q50","MCSE_Q75","MCSE_Q97.5","MCSE_SD","Bulk_ESS","Tail_ESS","Temp","TL"
"r",0.0463114839333907,5.64045966485227e-05,0.00542762528045708,0.0365943410149369,0.0424685549627061,0.046028789687447,0.0498102044869614,0.0576770094107772,9240,1.00054453916227,1,0.0379559432397469,0.046028789687447,0.0556997375124563,9.14258329547911e-05,7.73980937842506e-05,7.07910802864239e-05,7.44619278455171e-05,0.000156262832954904,3.98853290367076e-05,9112,11207,14,2
"Q",3.31851587630087e-07,1.60653506453815e-09,1.70973857129479e-07,5.29003354241279e-08,2.02403510432272e-07,3.15616177828961e-07,4.45088468304124e-07,7.02269502222282e-07,11302,1.00007762395839,1,7.8200038662158e-08,3.15616177828961e-07,6.39716127972963e-07,1.72910541636076e-09,2.0013597602077e-09,1.83252764356718e-09,1.84717648868746e-09,3.77571578760429e-09,1.13602109371898e-09,10354,8851,14,2
"a1",0.207528638477924,0.00101113231036086,0.0870563139786026,0.0588062824884314,0.143905098755739,0.199797980719787,0.263889675870153,0.394585966266546,7458,1.00013367159459,1,0.0780394928396562,0.199797980719787,0.360227171460365,0.00183810092931623,0.00107576482623796,0.0009439066518796,0.00117422674376561,0.00235576724716291,0.00071500664555111,6573,5485,14,2
"e1",0.000554932844945051,1.96767705592119e-06,0.000193913842962022,0.000210541758546689,0.000414548280303948,0.000544760871008205,0.000685135288834597,0.000955972868444873,9674,0.999933932107977,1,0.000254280355057536,0.000544760871008205,0.000886406420473791,3.81057290483464e-06,2.70864944514092e-06,2.57345777614643e-06,2.442806806889e-06,2.99474101111107e-06,1.39139958329385e-06,9101,8476,14,2
"d1",2.45803566704659,0.00527967602970564,0.562605946889611,1.36812764852158,2.07637113642916,2.44843540787468,2.83755255198588,3.57676105407469,11320,1.00011856017154,1,1.54304598339243,2.44843540787468,3.40377016280651,0.015587164773187,0.00735199296096445,0.0054791971461452,0.0059103346026137,0.0127198909326374,0.00373339063578062,11244,8534,14,2
"h1",0.000190441452239735,6.93327983970347e-07,6.4223242214155e-05,7.47466926803926e-05,0.000144650314925399,0.000187585959362519,0.000232814909982859,0.000324483713317611,8552,1.00008358789455,1,9.01491015908147e-05,0.000187585959362519,0.00030063984252786,9.85941530641102e-07,9.22830986450619e-07,8.19363193286135e-07,8.85066572420064e-07,1.54529634236508e-06,4.90273586858833e-07,8072,7620,14,2
"w1",2.55434988640938,0.00247384464065484,0.314268092334077,1.95825913336951,2.33690712127292,2.54808315350595,2.76410733001715,3.18662464115656,16114,1.00016341677791,1,2.05266605690068,2.54808315350595,3.07618842634862,0.00692895369716129,0.00360704680568746,0.00328567045692862,0.003234828717674,0.00840387367223339,0.00174930396000538,15972,13311,14,2
"B",0.0201721855209893,0.00010956802279772,0.0137310292430203,0.00103746421389577,0.00931400058847793,0.0181134522416001,0.0286836580806241,0.0521068351884176,15647,1.00048218622977,1,0.00202347789980801,0.0181134522416001,0.0456911332330292,7.81437579791068e-05,0.00014498749261441,0.000153976741006716,0.000155782384904685,0.000409832496563355,7.74777298717014e-05,11531,7375,14,2
"N1_0[1]",256443.628030107,365.786449142947,29290.9051287239,201532.622218808,236394.581457156,255116.007164642,275407.034837819,316130.905692015,6364,1.00020778253112,1,210192.812125249,255116.007164642,306222.644593069,634.739590905301,406.715192598305,400.779571062405,389.62697343828,1021.13354934257,258.661844913849,6410,5165,14,2
"N1_0[2]",242367.985256354,257.259337747592,21907.6642643211,201959.695927049,227246.35121987,241503.476118424,256301.719107839,288931.968547449,7222,1.00049025324236,1,208207.844328762,241503.476118424,280343.275334536,468.377279840453,269.141963357732,269.489346371818,310.449593150421,1544.30620878696,186.579242634414,7562,4896,14,2
"N1_0[3]",169875.844847196,213.332643443638,19248.9537481414,134128.804378224,156753.583389003,168949.007229287,182077.996340033,210211.191335368,8024,1.0005026603155,1,139725.938168636,168949.007229287,202653.541138065,480.907016514495,217.282233827471,188.352989640058,282.679980833462,474.788593925972,150.854363357231,8109,11075,14,2
"N1_0[4]",238689.120568809,208.271543290247,21574.6575451519,198999.491046294,223759.507153,237732.052758442,252682.457804625,283412.801570685,10676,1.00050087946244,1,204863.966859502,237732.052758442,275337.968336544,236.012942144385,255.453431840477,249.427269598091,260.013470407561,571.615043044672,147.99150107959,10832,12354,14,2
"N1_0[5]",178557.965584918,51.1229556777592,6508.1717917215,165624.743353208,174173.85839954,178600.407524065,182933.168024511,191338.726353476,16189,1.00036018839746,1,167822.361468988,178600.407524065,189264.015740694,103.630321564153,76.6085832496465,74.7357018809271,68.1567626099422,138.311234592489,36.1500394353401,16225,14889,14,2
"N2_0[1]",0.0136801742612942,0.000777999697688859,0.0464855443061631,4.66455581710422e-05,0.000943366052105241,0.00338019853024422,0.010030496882688,0.0859135882964905,3568,1.00001200337739,1,0.000106330382418244,0.00338019853024422,0.0421629541970929,3.42401368110325e-06,2.2920237192923e-05,7.46403150977139e-05,0.000235051298024887,0.0115292708327101,0.000550173812385766,6592,4174,14,2
"N2_0[2]",0.113172297585425,0.000797484579844252,0.0961110332777526,0.0126319541309473,0.0472933690872595,0.0845043615345449,0.148184916794658,0.375872538499305,14504,1.00015909771302,1,0.0177252302057637,0.0845043615345449,0.307697384971676,0.000294756008360804,0.000535872968919191,0.000747995385855044,0.00129383531331485,0.0049061346817145,0.000563918073907537,12924,11953,14,2
"N2_0[3]",0.146486114600114,0.00105880579005211,0.128603659010099,0.00828106514271558,0.0504313210812104,0.109487062031635,0.205431268360016,0.482537871593984,14740,1.00059242612875,1,0.0136179515926071,0.109487062031635,0.409282340096481,0.000317889388383071,0.000792008675893827,0.00133491857518395,0.00151410992261711,0.00409181581662149,0.000748703564183469,11253,10112,14,2
"N2_0[4]",0.169423029376369,0.000828142869604934,0.109823101454285,0.0308422708167512,0.0896221747869695,0.144364648839751,0.222703897330111,0.450811443136444,17545,1.00013728911578,1,0.0412603254759328,0.144364648839751,0.383029819904528,0.000723502931802955,0.000810309850495419,0.00105660742553609,0.00149564244226291,0.00395945026058966,0.000585595147612939,15390,11827,14,2
"N2_0[5]",0.130134442233596,0.000451497595020368,0.0568822277393432,0.0362053459454422,0.0883731593494318,0.124277274844882,0.165547405717884,0.255138398813445,15807,1.00019898179611,1,0.0470889198424849,0.124277274844882,0.233165783970272,0.000949619299154957,0.000611270688529494,0.000487396417340483,0.000588673106106177,0.0013788206664547,0.000319262875842031,13060,8904,14,2
"r",0.0909123921450026,0.000110497151560089,0.00786984872815339,0.076110483310106,0.0855207205520373,0.0907211009374705,0.0961906829711829,0.106690960936386,5043,1.00095413652179,1,0.0782213805960883,0.0907211009374705,0.104151191855466,0.000161918323523177,0.000139239051936399,0.000123746189277095,0.000133084003559124,0.000187221664153116,7.81892689007764e-05,5086,7994,17,2
"Q",7.92106594738209e-08,4.24096750244861e-10,4.197809971076e-08,1.73029826376752e-08,4.66514019320283e-08,7.34402469796862e-08,1.05022688839017e-07,1.74848555893605e-07,9791,1.00015596819239,1,2.21083331944654e-08,7.34402469796862e-08,1.57693531098943e-07,4.51231362677825e-10,4.94968192341544e-10,5.21433976140909e-10,5.25470066766926e-10,1.23340503113853e-09,2.99890615202176e-10,7416,4830,17,2
"a1",0.242398051280252,0.000879021304432988,0.0674137224509791,0.134920184744652,0.193208677528948,0.234218871660313,0.282198248646479,0.394686046034225,5833,1.00043242917948,1,0.146811495475291,0.234218871660313,0.366798425813651,0.00106098817793386,0.000769902441696418,0.0011098844521165,0.00125392137794836,0.00246189370839894,0.000621592751498443,5985,8465,17,2
"e1",2.48927145828214e-05,5.89350352316328e-08,5.05681132985882e-06,1.56727520901826e-05,2.1323394114447e-05,2.46643468340882e-05,2.81777963854105e-05,3.55101693571415e-05,7299,1.00027907289047,1,1.7077304142634e-05,2.46643468340882e-05,3.35681551907331e-05,1.24433272395261e-07,7.02566651813818e-08,7.33578114442607e-08,6.91265276014341e-08,9.00819953860609e-08,4.16750142226434e-08,7041,6893,17,2
"d1",1.12954085683772,0.00240568055399705,0.20589748472235,0.743891778889559,0.987930887203865,1.12479570488721,1.26542828006434,1.5425809955334,7319,1.00016993516551,1,0.801459324978536,1.12479570488721,1.47393539909398,0.00484677173995418,0.00344664118718879,0.00303412497696509,0.00285181305217019,0.00442158157042638,0.00170114076500862,7154,7398,17,2
"h1",4.37635423846328e-06,2.19012211349815e-08,2.21430137265475e-06,4.66707794478892e-07,2.72947779981521e-06,4.30237337588886e-06,5.86180513114505e-06,8.93174455509872e-06,10219,1.00052150606793,1,8.59921151439715e-07,4.30237337588886e-06,8.15627776190903e-06,3.3447023613066e-08,3.78588038997591e-08,2.45144475025285e-08,2.67082858775388e-08,7.89459805769037e-08,1.54869439249536e-08,9002,5297,17,2
"w1",1.95667293523791,0.00303320273803714,0.287775117044794,1.42712976568648,1.75727505467347,1.94131562383064,2.14405314895316,2.56171596450476,8988,0.999992676111523,1,1.5066901324142,1.94131562383064,2.45514538963968,0.00816502927801765,0.00380274244400858,0.00329072911801709,0.00382998727404416,0.00878858876843713,0.00214486772924622,8900,9359,17,2
"B",0.080812594689274,0.000268944683482068,0.0212627354956037,0.0412987681637655,0.0666727721536951,0.0799591595789718,0.0944300047629711,0.125254326281517,6247,1.00007668155356,1,0.0476274496801067,0.0799591595789718,0.117709569051802,0.000982976669441357,0.000238565626648535,0.000278419681208869,0.000326794666812041,0.000899601452094653,0.000190181484030491,6489,6311,17,2
"N1_0[1]",177905.633046401,324.690736913845,28837.4859843807,125071.626089929,158236.737556062,176633.096956106,196417.745712618,238187.165074593,7867,1.00064331197413,1,132607.491409588,176633.096956106,227459.2544058,711.431128879944,320.579035146744,387.017691296627,370.019865502341,1027.03777745644,229.599511161561,7687,8394,17,2
"N1_0[2]",196424.212575989,331.269995625417,30294.8845357363,141111.484213361,175078.486418577,195379.007470079,216175.922189812,259029.97201065,8348,1.00019134435564,1,148958.176513491,195379.007470079,248108.408838213,591.076249509468,444.750312291741,396.959684038564,482.539090001301,832.371418239418,234.251429974655,8232,9228,17,2
"N1_0[3]",200427.037489209,312.825792343037,28434.1647047667,146802.119485951,181102.625233226,199497.541735852,218584.003675799,258890.206987614,8265,1.00034835286197,1,155380.7162896,199497.541735852,248859.493958389,703.825195905738,360.034106596242,324.100154707834,389.756426912718,793.711328033372,221.209048521926,8185,8910,17,2
"N1_0[4]",248569.632488139,332.367002282559,31852.3335634643,187956.881190034,227031.787093741,247661.742356249,269246.841490106,314760.07898828,9183,1.00072478647124,1,197601.887313802,247661.742356249,303052.54029658,771.14972267508,421.491105247638,344.927995271792,461.542017558269,982.658215904521,235.026425270197,9146,10574,17,2
"N1_0[5]",254858.92025025,53.5834612446996,6649.18868787013,241915.265421549,250344.24144837,254840.494584795,259265.938525913,267906.878565484,15402,1.00005294960412,1,243942.276644541,254840.494584795,265953.81826706,129.228763415784,86.7068006355112,61.5681064777164,93.7524897294934,178.867427269492,37.8899468374445,15392,11287,17,2
"N2_0[1]",0.220244992694251,0.00114841041254509,0.134902928766205,0.0292897167400312,0.117531424788304,0.198177094102707,0.301851518245873,0.535004475475477,13784,0.999929803340303,1,0.0420898648282551,0.198177094102707,0.472839982498522,0.00109339778607834,0.00150382615304986,0.00146497965192161,0.00164620926219322,0.00394970225479341,0.000812065958130968,10289,6676,17,2
"N2_0[2]",0.168016188963114,0.00109470164914098,0.126205541593159,0.0105035891665139,0.0685578733503382,0.141135211122386,0.23916943813927,0.475549495064166,13235,1.00025572457285,1,0.0175711249752654,0.141135211122386,0.409243564715146,0.000748412234526884,0.00121738327841999,0.0018111828204497,0.00189017713062906,0.00404475412246694,0.000774087944682473,8528,6502,17,2
"N2_0[3]",0.216637640999214,0.0011121331526611,0.132585432103097,0.0313361998122969,0.114696671703836,0.194809033088201,0.295275536080703,0.523432799063216,14146,1.0001397053513,1,0.0438077372893286,0.194809033088201,0.46650371959522,0.00113650710295366,0.00137962063635664,0.00160756036009377,0.0016523742405746,0.00400265171487441,0.000786413035435191,10867,7265,17,2
"N2_0[4]",0.111525390594939,0.000919781443803288,0.106667124464576,0.00464035769464119,0.0324185886341637,0.0768423417119405,0.159643283030895,0.396270573872382,13417,1.00031731299661,1,0.00786630044141587,0.0768423417119405,0.326427651183645,0.000245547304868538,0.000706249697453181,0.00111085036650418,0.00191597557889665,0.00410492581271441,0.000650397795769847,9926,8261,17,2
"N2_0[5]",0.117753380301149,0.000511478375668149,0.0581979918128152,0.024085702929692,0.0734302773129425,0.11193172344897,0.154781100239582,0.243709444505811,12910,1.00026436895003,1,0.03286459285763,0.11193172344897,0.221431801935057,0.000886156526603949,0.000789760612975532,0.000658495021271938,0.000749996955514656,0.00137752379557407,0.0003616779749415,10270,6238,17,2
"r",0.106612006814997,0.000352895312829025,0.0162996841312978,0.0786834312691058,0.0959560207999807,0.105101842737466,0.115475355642996,0.143492203674395,2109,1.00281719283318,1,0.0830635815742835,0.105101842737466,0.134790681292207,0.000503275527387395,0.000338285774653696,0.000318981299115513,0.000338162685291174,0.00118947720973492,0.000249568792192563,1999,2904,20,2
"Q",1.79087762463734e-07,1.91334503738033e-09,8.53379100434629e-08,3.61018584458539e-08,1.14978326753186e-07,1.72094858129297e-07,2.35654782704836e-07,3.61119765814488e-07,1982,1.00126799632857,1,5.12946935911579e-08,1.72094858129297e-07,3.3010549185702e-07,2.11852923731837e-09,1.82855096027325e-09,2.19172784243435e-09,2.36372601999906e-09,3.32207929287049e-09,1.35313766661166e-09,1973,3130,20,2
"a1",0.190754419085784,0.00387984203532569,0.128946307623485,0.00145872356247362,0.123362752410881,0.173270083050728,0.242148740070314,0.508566989012889,1094,1.00726416670408,1,0.00236441188805406,0.173270083050728,0.422496363082188,0.0001128357122336,0.00361781711350886,0.00211176865688249,0.00299889240595898,0.012331122760931,0.00274418736878467,891,998,20,2
"e1",0.000557050755431562,6.80969266169995e-05,0.0016653823184739,1.67897423709401e-05,3.18261579970713e-05,4.43798022755274e-05,6.68629788226327e-05,0.00693463608911133,595,1.00487132713762,1,1.96052697917423e-05,4.43798022755274e-05,0.00465755875332985,2.23817008284231e-07,2.93880702670394e-07,6.6798100918951e-07,2.41215746385419e-06,0.000338549612521338,4.81752996535096e-05,871,1052,20,2
"d1",2.02271390750015,0.00748814769366141,0.538198045605889,1.08061942685509,1.62305895880161,1.98801572220237,2.38247321591638,3.19335103928587,5144,1.00086119040495,1,1.20520425184485,1.98801572220237,2.98457291612418,0.0114208436018058,0.00664493291629364,0.00637647658352158,0.0115992088145906,0.0320271499275331,0.00586646141563668,5565,2152,20,2
"h1",4.40060202004874e-05,5.26923927047048e-06,0.000142512980685367,1.97642744518852e-07,2.3530951296969e-06,4.94228189549318e-06,8.68618862593473e-06,0.00057533346033306,729,1.00279394885269,1,4.12130224989262e-07,4.94228189549318e-06,0.00032258685306614,1.49101071211218e-08,6.12230718769081e-08,1.07891805173137e-07,3.6931583747749e-07,3.98497770466581e-05,3.72740144654644e-06,929,1002,20,2
"w1",1.00870718299297,0.02250578232996,0.593607140531768,0.426171305862443,0.609829380976765,0.793804599602603,1.19301058808552,2.67332427027987,693,1.00307966006519,1,0.459680004945492,0.793804599602603,2.3092635328415,0.00236442066226425,0.00479930141007534,0.0110676771840766,0.0438277557599982,0.0630640505671145,0.0159206680703306,953,1537,20,2
"B",0.0915311028739295,0.000329240180549509,0.0194438448953927,0.0585915537558641,0.0781534431617668,0.0895762048344518,0.102841088826997,0.135934029595254,3465,1.00139138405076,1,0.0635645541451503,0.0895762048344518,0.126068012783749,0.000374538987395315,0.000331300128267153,0.00031809923792412,0.000398818632637847,0.00167913912952374,0.000241437539355007,3694,3818,20,2
"N1_0[1]",236478.125535189,479.118467750709,33965.0233909164,169674.562461239,214908.92999375,235653.035028415,256956.090548126,306463.307844762,5038,1.00001362577216,1,181932.893305721,235653.035028415,292688.801349574,1468.69198403622,623.564527398587,432.628874939299,527.775532957166,1277.31455291482,338.807581869512,4914,5025,20,2
"N1_0[2]",228727.118271288,600.775036551302,36298.596682024,161251.737328872,205006.571202991,227157.894639484,249615.121173214,308967.665458362,3638,1.00022907334851,1,173028.347333546,227157.894639484,291721.266452284,1224.92233857176,639.204340921686,568.088954307896,577.443227522672,2024.77259343048,424.846048329976,3467,5540,20,2
"N1_0[3]",332310.768829711,1897.2003053766,58109.3921676643,205239.938491052,297889.03073323,339820.996494881,371941.184197957,432673.608919183,937,1.00227929898724,1,224342.814449224,339820.996494881,418530.983170353,2388.04027648873,3620.34778035863,1447.28960760788,892.972232228814,1532.7829444884,1341.94050166734,1091,1654,20,2
"N1_0[4]",192757.770623669,85.1461379388043,7395.73522366621,178059.13331005,187778.718280757,192764.089702324,197684.099938101,207188.913569785,7485,1.00066009612731,1,180577.245810389,192764.089702324,204843.815429087,211.295498630934,104.373231638194,112.555922789703,115.415634029676,219.399481989924,60.2097391546795,7555,7978,20,2
"N2_0[1]",0.227656478049148,0.00221076750514516,0.191121935488891,0.00833028693484298,0.079564763913036,0.177726134630306,0.329739823654834,0.70601765880919,7404,1.00112572393867,1,0.0166259638537338,0.177726134630306,0.603840637026625,0.000630021536921575,0.0018967897144888,0.00299186543249823,0.00340025290837337,0.00838506952005219,0.00156330970483441,5378,4381,20,2
"N2_0[2]",0.301248736723725,0.00212409622616311,0.201286869592574,0.0278635114057286,0.146324907164869,0.266552875694974,0.41688560598238,0.789892840540687,8971,1.00031026040593,1,0.0441471251470785,0.266552875694974,0.681743240303909,0.00177730208023751,0.00259142416912093,0.00292701522977054,0.00323299915039718,0.00840335420273902,0.00150201162629388,6660,4983,20,2
"N2_0[3]",0.252550298629853,0.00250814140248665,0.184700029421885,0.0263493415377321,0.112970669743949,0.209506572716063,0.346548417348007,0.718467976834599,5393,1.000334591666,1,0.039221442378412,0.209506572716063,0.617595957452123,0.000977563946171454,0.00195981839976359,0.00270910849296857,0.004023442154441,0.00908850840863334,0.00177361919307087,5101,5970,20,2
"N2_0[4]",0.117409922351779,0.000869720682202344,0.0729835615114819,0.00766611254005926,0.0594448317592322,0.109032206732267,0.165342973259331,0.27672177077487,7039,1.00116637342413,1,0.0151060470745348,0.109032206732267,0.249358963837105,0.000929387113910079,0.00132253308644476,0.00102938067059821,0.00109125612202604,0.00215718969518774,0.000615010864412158,5512,3741,20,2
"r",0.243832122870299,0.000662076043312059,0.0416917661306216,0.169908833484339,0.215181906792416,0.240414731662106,0.269902785805537,0.33274341281843,3957,1.00084166478524,1,0.18028916456508,0.240414731662106,0.316999125155732,0.00102598451868761,0.000635604545652438,0.000664291703728268,0.000978498616796053,0.00155997846374797,0.000468522590578314,4005,6075,23,2
"Q",1.29029868433485e-07,1.11984107309562e-09,7.81275477473106e-08,1.81829699016316e-08,6.75471222514811e-08,1.16949613375838e-07,1.7857336745682e-07,3.08247694454608e-07,4853,1.00048667953514,1,2.52273679759343e-08,1.16949613375838e-07,2.73208098916506e-07,9.08892605081763e-10,1.27809252735666e-09,1.49328130488474e-09,1.45247900805238e-09,2.47863452302501e-09,7.91894670695288e-10,3779,3113,23,2
"a1",0.893594477727018,0.00489246242825139,0.290089845193758,0.429346999135419,0.681678346484263,0.853983701782807,1.06768564497404,1.55122930392177,3506,1.00107597743593,1,0.485716091126005,0.853983701782807,1.44031153897283,0.00425244089343449,0.00339839716947987,0.00454654520208825,0.00693507483835587,0.0117134601060718,0.00367903508593606,3836,3248,23,2
"e1",1.11349822921862e-05,7.86163432237053e-08,5.09922667328586e-06,4.22757484515501e-06,7.63617775712154e-06,1.02135474991155e-05,1.35169545981086e-05,2.34913740480525e-05,4202,1.00023178460677,1,4.89515934154993e-06,1.02135474991155e-05,2.04658853248509e-05,5.32216898820328e-08,6.5181380573374e-08,7.20253919025685e-08,1.06256872005374e-07,4.42195898436343e-07,5.55940037234984e-08,4215,6058,23,2
"d1",1.98337253995476,0.00737668163446035,0.538634242908151,1.0556504904119,1.58413626793606,1.94354718316159,2.34661102544746,3.119632963402,5267,1.00030558138894,1,1.16164992109311,1.94354718316159,2.94542835344465,0.00902295314881729,0.00619321917837479,0.00950701714771518,0.00923564236980656,0.0181824544817781,0.00541829231587752,5453,5022,23,2
"h1",8.93742145489514e-07,1.12098570317296e-08,7.73749974872873e-07,2.6418339388311e-08,3.05672870079029e-07,7.10676300818529e-07,1.28180423865367e-06,2.72517540025532e-06,4759,1.0000684262943,1,5.25542226046832e-08,7.10676300818529e-07,2.31717476521337e-06,1.85429481526655e-09,6.87370239379463e-09,1.06639480008317e-08,1.78961913241037e-08,5.2940524630724e-08,7.92705123206384e-09,4528,5696,23,2
"w1",2.32257806638261,0.00733246739723361,0.543055250702749,1.36951311690182,1.9336456977648,2.28409676335401,2.67258953494295,3.48616841103829,5476,1.00041986786068,1,1.49161408095236,2.28409676335401,3.28628492044158,0.0103360680440054,0.00594658273863125,0.00842262027067764,0.0119409673169231,0.0295524893380747,0.0054907528594875,5732,4265,23,2
"B",0.0809089642396213,0.000400756851850309,0.0226680755530506,0.045818004143667,0.0645357323304003,0.0773844978438815,0.0940091052162493,0.134503415908323,3160,1.00102215223008,1,0.0502000755371342,0.0773844978438815,0.124328487724955,0.000523304711816493,0.000220843604689692,0.000329629379297827,0.000622491800556117,0.00124891714533772,0.00029183399499549,3391,3770,23,2
"N1_0[1]",186258.946978386,786.528005554546,68098.2823765284,79171.7798242656,136934.572811709,177851.269247158,226586.178965193,341559.529375665,7467,1.00021639974496,1,90931.8868824202,177851.269247158,311167.578798301,1045.48134300284,669.924194854044,919.835104740312,1312.83446486853,2719.79266523264,565.606216942703,7313,7547,23,2
"N1_0[2]",172754.239443152,859.70487289208,66457.6619651617,71186.9655124115,123214.294773139,163558.560955764,212281.989248768,326586.924679438,5967,0.999975573462853,1,81847.7048594001,163558.560955764,297095.958112072,914.608061535386,954.215485241504,1056.7171120969,1131.76347455879,2943.17407262791,607.932818199268,5679,6992,23,2
"N1_0[3]",197598.210234943,860.754935778988,67982.1318194726,89040.9725502767,147649.772975595,190214.525019481,240194.583197369,346335.40025058,6190,1.00014476174988,1,101468.336253482,190214.525019481,320433.269763363,1265.69869561453,931.030597813777,1054.54556650788,1151.3870046146,2571.3254958714,610.206485885407,6295,7561,23,2
"N1_0[4]",289562.522696334,981.330113776092,81541.2716420523,150961.492697982,231212.985108472,281970.299653411,340824.888642882,468822.012161766,6900,1.0002170180102,1,168596.974515057,281970.299653411,436320.825532373,1443.7653503545,1222.33396462527,1095.03481067286,1417.38023729646,4317.43799408292,697.196697671934,6917,6823,23,2
"N1_0[5]",193132.414320357,83.1848405775822,6730.46084704813,180043.538215379,188606.656118533,193154.013245924,197652.557509745,206106.305159112,6539,1.00036360588482,1,182070.770737924,193154.013245924,204008.306982967,269.322605009118,109.246008128393,88.8629062976106,96.066966810773,201.498417318115,58.8231857378528,7156,6137,23,2
"N2_0[1]",0.276825629504755,0.00188920425687137,0.186901021761421,0.0215216124802671,0.130491409192654,0.243843509290415,0.387540379719348,0.718110936343838,9745,1.00063758217799,1,0.0362663489231293,0.243843509290415,0.634080602972555,0.000942293180539894,0.00233053679975673,0.00257748147857675,0.0029251940192922,0.00670359769906276,0.00133590894719467,7286,4492,23,2
"N2_0[2]",0.300592630332508,0.00186799987574931,0.192682183528871,0.0280914168322788,0.150495217720125,0.26884943691575,0.419354157627594,0.74622893650941,10637,1.00117035746801,1,0.0460556426892023,0.26884943691575,0.657137172536623,0.00185808064775421,0.00248895840130461,0.00287405268696542,0.00304567143711576,0.00700178930759954,0.00132091159339685,7833,5109,23,2
"N2_0[3]",0.297465589578117,0.00171780019206875,0.184247560183938,0.0340853304311906,0.155503901960902,0.267571964130529,0.409319580059519,0.724292896508421,11467,1.00019999817252,1,0.0513212150887006,0.267571964130529,0.639884841179558,0.00191629287930923,0.00236623917851665,0.00255082572703672,0.00270750271331885,0.00553568190382275,0.00121469895790725,8550,5694,23,2
"N2_0[4]",0.266846768452362,0.00155188248298107,0.178759157229693,0.0260522603824647,0.128297325702493,0.234232087229164,0.371376291896396,0.691533085586415,13216,1.00012705607497,1,0.040110112122629,0.234232087229164,0.608895727106845,0.00111084212220499,0.00233488815719178,0.00224286138208619,0.00288248872072672,0.00644475675591427,0.00109737075866123,10045,6871,23,2
"N2_0[5]",0.0891944457253589,0.000542821979261907,0.0587933041941155,0.00838462013185575,0.0435456377194266,0.0783951286832825,0.124469985302976,0.227389999759521,11725,1.00006176762829,1,0.0132771915496155,0.0783951286832825,0.201308527329676,0.000394397057455947,0.000793214474151174,0.000821035450812892,0.000848573340483161,0.0017846248519061,0.000383842648668051,8572,6127,23,2
"r",0.204896092498864,0.00104730877709846,0.0378180758100526,0.131329219694266,0.18061768549921,0.203276542813281,0.227822827283559,0.284775072044997,1284,1.00083335102983,1,0.144482117085686,0.203276542813281,0.269502963830879,0.00350915750956937,0.00112649881289403,0.000784227272778104,0.000764633300074202,0.00166987195536372,0.000740724853668516,1273,790,26,2
"Q",1.78637605269415e-07,3.05505195682826e-09,8.76023001052659e-08,4.2210530791963e-08,1.13751478337512e-07,1.67021168192366e-07,2.30563732900061e-07,3.82162827778733e-07,844,1.00273191980779,1,5.66819730552929e-08,1.67021168192366e-07,3.41761606705387e-07,1.76493199090678e-09,1.57029077840761e-09,2.25074209573152e-09,4.37978178855438e-09,9.14564164771632e-09,2.37844693577309e-09,978,1033,26,2
"a1",0.476056513906527,0.00815601026548121,0.248715838916498,0.00196818999206518,0.324756936003658,0.448311428107697,0.610391187620406,1.04766903320523,921,1.00117578762439,1,0.00781359654241753,0.448311428107697,0.929601309020803,0.000565062276279755,0.00641412837884636,0.00457121072601582,0.00424633597921314,0.0121690633521625,0.00576897996570238,870,287,26,2
"e1",0.00029351271924788,6.88177446487376e-05,0.0012845782313521,6.93368372539664e-06,1.27063902771149e-05,1.77577630588905e-05,2.52816377866997e-05,0.00513330098976451,346,1.00142331113044,1,7.93741342387419e-06,1.77577630588905e-05,0.00143739745024046,8.45236902242884e-08,9.69019144784997e-08,2.00030944268923e-07,6.12691420595052e-07,0.00100907914170089,4.87022856362602e-05,817,290,26,2
"d1",2.09113650757998,0.00690967320911705,0.538385304472809,1.15273319304958,1.68856463465305,2.05377829371494,2.45676309030878,3.212326109957,6069,1.00018552767509,1,1.27229466126384,2.05377829371494,3.06162624172016,0.00780357101695872,0.00612111800612247,0.00812039716107149,0.0100498193228851,0.0255259530757139,0.00539092893421922,5863,3511,26,2
"h1",1.98476981610695e-05,4.4615616845454e-06,9.7712829311171e-05,7.24294741322063e-08,7.24250539143987e-07,1.53622013624954e-06,2.71131202560316e-06,0.000285816312570202,477,1.00107063585517,1,1.43882022869173e-07,1.53622013624954e-06,4.7040769604786e-05,4.06584066163834e-09,1.42344075292341e-08,3.2623921050916e-08,8.63369643138081e-08,8.76129787410768e-05,3.15672086866353e-06,887,312,26,2
"w1",1.57912344700934,0.019895284635179,0.703091013139281,0.577884654296125,1.03587276470158,1.45145022724611,2.01238714398737,3.22296742765774,1263,1.00247400166472,1,0.656439306911464,1.45145022724611,2.9362186290091,0.00661257948680821,0.0102015195024246,0.0208432214731021,0.0249461054334532,0.0459847384880379,0.0147578060847315,1422,2456,26,2
"B",0.104431882187441,0.000308046025360396,0.0194101677154608,0.0728938591654297,0.0908036140181764,0.10217765284964,0.115474580569902,0.14918015586388,3983,1.00091448870283,1,0.0768574593108665,0.10217765284964,0.14025667571804,0.000367929569019342,0.000250860798257722,0.000292492311944614,0.000371065813843746,0.0016720040410456,0.000233528791118382,4732,3665,26,2
"N1_0[1]",283764.149313403,1018.94529535266,68105.5907746575,159951.745498999,234899.902962241,281452.456912092,328789.989672317,422199.350684819,4484,1.00169464621405,1,177772.136913396,281452.456912092,400872.919335979,2059.09765256869,1165.7206465059,1302.95704515596,1378.96410150712,1766.46338009246,720.550172722931,4410,6428,26,2
"N1_0[2]",239661.471817707,744.276469781462,59136.6985876283,131899.376633005,198767.287241976,236368.414596393,277440.96712077,364491.10604685,6301,1.00071373528731,1,147539.861846392,236368.414596393,341973.932896195,1504.30162689493,902.538904857123,915.888829752235,867.261659630109,1742.89411256963,526.307254487421,6041,6506,26,2
"N1_0[3]",206755.522673894,724.154200734262,55536.3249730703,107603.968232899,168174.775912827,203570.971243967,241716.467402397,323275.97894877,5867,1.00120451584701,1,121494.969828177,203570.971243967,302500.900660851,1335.32327003819,853.081842865999,998.319469044247,977.955658910811,1808.57234197145,512.079741211754,5618,6971,26,2
"N1_0[4]",262261.75764302,865.640257509695,65091.7540445991,150601.323475983,216734.601147303,257015.612525734,301756.348342756,406680.879697751,5621,1.00013464561779,1,165403.378287224,257015.612525734,379455.16803312,1403.93300861739,1057.13233024489,992.976692960365,1159.54141342847,1936.32808135205,612.131673407886,5542,6361,26,2
"N1_0[5]",256364.884835325,65.0529736603987,6702.8763964354,242857.357698708,251919.921254122,256393.974433107,260867.864950677,269456.790533268,10606,1.00004540743264,1,245122.168586349,256393.974433107,267392.069509319,148.14099897792,99.9690071409277,90.4496768941317,86.3111841767241,173.536181549367,46.000662390686,10621,9367,26,2
"N2_0[1]",0.346729428487676,0.00189309294294772,0.210741304743654,0.0451233712949103,0.184695287415657,0.313894631253737,0.470799853049395,0.84104958450153,12375,1.00073639156634,1,0.0668317528882107,0.313894631253737,0.743231374861458,0.00241307521227745,0.00251015270940658,0.00262132915729482,0.00282817626331264,0.00857948161963945,0.00133865037037961,9059,5830,26,2
"N2_0[2]",0.329221625031781,0.00205134710733292,0.214081929146595,0.0329045240132555,0.165611892331552,0.291412817815285,0.454295509227908,0.828790927042572,10869,0.999988307257248,1,0.0523855908654813,0.291412817815285,0.734091400662114,0.00158047440566042,0.00291191962922638,0.00265348627874043,0.00301749394145504,0.00719666782083606,0.00145056029724214,8308,5982,26,2
"N2_0[3]",0.355487454235052,0.00210935466642387,0.218546072325073,0.0351238976513294,0.187143965627293,0.324531355505524,0.489519663461676,0.853924650245743,10755,1.00108056812896,1,0.0577723258789353,0.324531355505524,0.758107629771689,0.00191085845004937,0.00293420225017252,0.0027060578664771,0.00293126935555824,0.00602073379058266,0.00149157951215572,8184,4993,26,2
"N2_0[4]",0.248694717822535,0.00188730467332864,0.203004100673251,0.00902426588473849,0.0897938690755477,0.201005109578769,0.357351249500473,0.757859937259622,11546,1.00004465432663,1,0.0167692083070598,0.201005109578769,0.645572615345383,0.000755183395552693,0.00212754427795728,0.00274636573179167,0.00347075088780341,0.00898642592302956,0.00133455957906174,7586,5027,26,2
"N2_0[5]",0.0886803443334844,0.000604786097818698,0.061181647989231,0.00506038521031325,0.0399087147341591,0.0785761011323638,0.126718918443426,0.229591586424622,10175,1.00032879046111,1,0.00900050714871542,0.0785761011323638,0.202808128966673,0.000452874346868374,0.000888047583520873,0.000874995339548122,0.000734043948134422,0.00205190380073225,0.000427660541285059,6964,4884,26,2
"r",0.0511387331669192,7.71295615212036e-05,0.00423531051248341,0.0430004436307191,0.0481834776780346,0.0510083535982522,0.0540073050487306,0.0598574811669409,2984,1.00001819226216,1,0.0443948321394553,0.0510083535982522,0.0582801768395255,0.000177152650838466,0.000105336814298158,0.000103875681969661,6.71734171182013e-05,0.000160267040980086,5.45441123627339e-05,2964,3131,14,3
"Q",3.00975432652482e-07,1.59367838567707e-09,9.01503261878043e-08,1.14662502623694e-07,2.39589015240248e-07,3.0374382417616e-07,3.62410051468085e-07,4.69884064188842e-07,3101,1.00032272852144,1,1.46891316955189e-07,3.0374382417616e-07,4.44634645367606e-07,6.88450049795782e-09,2.33772259114489e-09,1.41225715331285e-09,1.6444445519713e-09,4.11451283691052e-09,1.12700352590372e-09,3295,1808,14,3
"a1",8.12943194130464,0.0252609598322104,2.04485856754358,4.27144307449537,6.71655143745718,8.0973500821721,9.48311228231623,12.305926541582,6455,1.00041201465668,1,4.87523823176925,8.0973500821721,11.5298738892948,0.100812798559586,0.0498294822601211,0.0408621885523868,0.0438678207925731,0.0701590690857117,0.0178629910734032,6190,3513,14,3
"h1",0.000209777079557113,1.99517993861104e-08,1.0395288069745e-06,0.0002076852589624,0.000209066918760587,0.000209798297404353,0.000210507253195211,0.000211723980262949,2701,1.00089060968812,1,0.000208034228673944,0.000209798297404353,0.000211422497907059,4.48155968304982e-08,2.61994557366384e-08,2.71216737477423e-08,2.09821085272376e-08,3.25063239412589e-08,1.41105886398157e-08,2719,3121,14,3
"w1",2.54613985316563,0.00356705905040866,0.315433714989587,1.93464017420303,2.33392893248836,2.54572984781941,2.75959756247633,3.16436242350231,7800,1.00031669201666,1,2.0275668691883,2.54572984781941,3.06880069130208,0.0151025217705593,0.00740547967361915,0.00459044820393983,0.00507309082019058,0.00931987287170144,0.00252238573423152,7854,4074,14,3
"a2",17.8867154194541,0.0540815226779392,2.90427893437061,12.7525102805549,15.7828644706763,17.7167362927403,19.7963963880449,23.9399357610216,2868,1.00057518709846,1,13.4888912852239,17.7167362927403,22.8699757577895,0.0725943495469981,0.0571406672043784,0.0656237355180593,0.069128582219383,0.183254002200245,0.0382452797024272,2869,3753,14,3
"e2",0.08311222010041,0.000141004156243164,0.0087545427970125,0.0669719149970245,0.0769320644296678,0.0827475657749229,0.0888827117895342,0.101306200763822,3842,1.00037469868273,1,0.0692884703103378,0.0827475657749229,0.0982385268674301,0.00023272185097032,0.000192602960847395,0.000161518005099059,0.00018989861007318,0.000395486006807874,9.97166093783024e-05,3850,4114,14,3
"d2",0.0478046252794681,9.71426994275697e-05,0.00576933612826863,0.0370489829872846,0.0437749038887285,0.0476923536579725,0.0516864981511257,0.0593721124803836,3513,1.00035029024415,1,0.0386580524026212,0.0476923536579725,0.0575942378940684,0.000233219514624402,0.000149079978717947,0.000116923364843351,0.000129044780812281,0.000206629620629728,6.86959423408302e-05,3509,4468,14,3
"h2",0.249559871776004,0.000524337006084622,0.0350087172711148,0.178372662013858,0.226579737598674,0.250487676121143,0.272821591266887,0.31714992628048,4432,0.999893218047501,1,0.191360818462841,0.250487676121143,0.305841230092958,0.00165147608974531,0.000772176955022658,0.00058900186385856,0.000542958918724773,0.00152336042587542,0.000370786513033888,4484,3735,14,3
"w2",16.7186725144109,0.112969978098318,6.65708663146155,4.10219370345489,12.1929356725889,16.5228814563341,21.0025364054988,30.3451264271262,3453,1.00011588011879,1,5.84028617748842,16.5228814563341,28.1997860026211,0.587438439545221,0.169381539095199,0.0960845544870885,0.108133733286349,0.189352664699225,0.0798885480481132,3047,1552,14,3
"N1_0[1]",181287.886403002,322.946064648607,23879.4248558729,137138.241542731,164987.430300289,180321.104027463,196658.938843069,230685.715857616,5457,1.00117046889104,1,143575.647456777,180321.104027463,222055.041078222,932.01855302167,437.149341032142,396.39606741874,523.829049745764,905.366287560682,228.369535412704,5412,4193,14,3
"N1_0[2]",290690.17102209,370.727256645722,28676.4005014875,237501.050742848,271005.547177137,289477.546569364,308853.141970634,350948.725187918,5969,1.00017376155277,1,245504.689658566,289477.546569364,339931.075138937,922.695814780716,428.725901205471,480.844934186985,490.762761419377,1341.29189792866,263.857450164956,6015,4306,14,3
"N1_0[3]",216493.388088701,344.583256794975,25303.4863627845,169058.990697059,198858.992438161,215253.656333873,232798.471990592,269204.010677852,5329,1.00017683041519,1,177410.137397004,215253.656333873,259891.015035066,835.326457936302,465.990544712389,360.034816112588,489.408035122979,1070.61246251361,245.517022934086,5403,4438,14,3
"N1_0[4]",148749.508324014,287.742926562517,21528.8732611222,109878.461974842,133754.085016085,147700.888375584,162411.51847998,192429.319103818,5559,1.00057470812216,1,115768.125904279,147700.888375584,185798.856299775,914.52571155037,385.676850318225,263.008688214933,519.858760160481,887.823752819924,205.67824362041,5689,4512,14,3
"N1_0[5]",211454.670311482,79.4242429928157,6595.78880186256,198196.077291499,207128.460198867,211371.719655219,215889.045559128,224503.960990718,6890,1.00086631079143,1,200443.611671968,211371.719655219,222462.902671296,296.300036527929,122.155371371933,100.04850687299,121.742866170724,211.369197927212,56.1637961453361,6894,3814,14,3
"N2_0[1]",0.0185092249781728,5.58168891221292e-05,0.00317522399801513,0.0128423765514739,0.0162844687246254,0.0183152845021717,0.0205637292945024,0.0251740028549635,3226,0.999798266423652,1,0.013610154638391,0.0183152845021717,0.0239763880172667,0.000108457853406722,6.78759266226087e-05,7.45059320099353e-05,6.34041762749959e-05,0.000149945080746063,3.94720586276049e-05,3172,3634,14,3
"N2_0[2]",0.0285716767447549,5.59462276158944e-05,0.00311299661361914,0.0226985998840345,0.0264305408922599,0.0285353215536363,0.0306330357362245,0.0348208445521848,3087,1.00018747627479,1,0.0235648498501142,0.0285353215536363,0.0338185525615926,8.62134288736847e-05,6.64824860960068e-05,5.82014443106481e-05,7.34296767183062e-05,0.000114501540772888,3.95636842433147e-05,3064,3609,14,3
"N2_0[3]",0.0440092076349726,6.94983657992966e-05,0.00392172987517212,0.0366955970895744,0.0413192750994181,0.0438833509599997,0.0466208991370024,0.0521142332583255,3174,1.00053467905165,1,0.0377588659734085,0.0438833509599997,0.050695622327397,8.98784023366413e-05,8.66431986822347e-05,8.46261625698473e-05,9.39512013188072e-05,0.000202160505372223,4.91472677860081e-05,3167,4354,14,3
"N2_0[4]",0.0416410770589719,8.03046663509936e-05,0.00440044543178392,0.0334068916882821,0.038635361017314,0.0415142310123195,0.0445502569282048,0.0506135849967047,2997,1.00065381964158,1,0.0346082860203219,0.0415142310123195,0.0491401321041438,0.000141054433707374,9.99060894770407e-05,9.03594757785987e-05,0.000117975727132243,0.000168908766096099,5.67894907642792e-05,2988,3334,14,3
"N2_0[5]",0.02240118316469,6.02104779490051e-05,0.00336494911228922,0.0162739269388379,0.0200464325971786,0.022224347470703,0.0245788448066067,0.0295315360768442,3116,0.999756689079861,1,0.0171555929427359,0.022224347470703,0.0282114230040221,0.00010516141770785,8.21938638937304e-05,7.46924212249016e-05,7.78823152778069e-05,0.000163094611002718,4.2579213732842e-05,3066,3662,14,3
"N3_0[1]",0.00802740262459537,8.05647358186978e-06,0.000555784914468843,0.00696154895376181,0.00765113421563185,0.00801652961484732,0.00838426427868715,0.00915089399386179,4745,1.00000533068919,1,0.00712157456104634,0.00801652961484732,0.00896690419803737,1.92551871110711e-05,1.22931587237087e-05,9.88572343189886e-06,8.11392041100492e-06,2.60541802248361e-05,5.69713627534248e-06,4728,4370,14,3
"N3_0[2]",0.00648626885116957,6.81368167331665e-06,0.000430692499387078,0.0056520222046046,0.00619209931141814,0.00648391121870299,0.00677229682399637,0.00734839066633236,3967,0.999845631519937,1,0.00578086163017802,0.00648391121870299,0.00719169573234662,1.30564389272899e-05,9.02890103088522e-06,9.73219760356386e-06,7.85447643673236e-06,2.04491747666674e-05,4.8258069953582e-06,3997,3749,14,3
"N3_0[3]",0.00571022213281662,5.88337237628428e-06,0.000345141180517424,0.00503814918551104,0.00547239857332633,0.00570574737128208,0.00593720054158548,0.00639867069868587,3413,1.00023518975083,1,0.00515335928395881,0.00570574737128208,0.00629484866271544,1.34109965764955e-05,6.49783447979153e-06,6.29612387214847e-06,7.88671525024393e-06,1.15913764864037e-05,4.16052513531413e-06,3449,4087,14,3
"N3_0[4]",0.00471304355509066,5.50744016295077e-06,0.000333383125497242,0.00406289440648612,0.00448815547399682,0.00471183420396773,0.00493672487915588,0.00537350982800523,3661,1.0003067680189,1,0.0041580540343499,0.00471183420396773,0.0052631902175241,1.20990154339235e-05,6.15890418421885e-06,5.34770029711733e-06,7.2171016681122e-06,1.01441205385042e-05,3.89465831125616e-06,3658,3850,14,3
"N3_0[5]",0.00792947143530007,7.4902626768184e-06,0.000520329661965384,0.00694652347447745,0.00757568321206937,0.00791708664232842,0.00826623490222319,0.0089948787750869,4815,0.999881442221575,1,0.00709361769137926,0.00791708664232842,0.00880906630197925,1.92720590369618e-05,9.92424402892133e-06,1.00543931650125e-05,9.65131903324108e-06,2.58135906941702e-05,5.29673568469627e-06,4814,4744,14,3
"r",0.0681554140851819,0.000125840508778933,0.006074307595883,0.0564791587312651,0.0640288408862637,0.0680250976611785,0.0721055641464738,0.0806532904067207,2326,1.00087039547465,1,0.0581985749370243,0.0680250976611785,0.0783314387001628,0.000167896773458829,0.000129549819563757,0.000144554635581655,0.000168146250550977,0.000314636398717913,8.89938183301427e-05,2329,3231,17,3
"Q",1.23417152649812e-07,3.04466033203399e-10,1.74658054849111e-08,8.92758731859426e-08,1.1179155793398e-07,1.23378491641282e-07,1.35172052532485e-07,1.57270886050276e-07,3297,1.00036103393459,1,9.48777124795001e-08,1.23378491641282e-07,1.52301552108058e-07,9.12401752500048e-10,4.53313471741938e-10,3.16999668464742e-10,3.79183264821273e-10,5.60075123843318e-10,2.15309081047129e-10,3277,3429,17,3
"a1",7.46930728461781,0.0340140109812865,2.27294784765131,3.49486022471564,5.83086225970914,7.31021939373312,8.91915171090255,12.3027561628948,4477,1.00020353711641,1,4.02994667954753,7.31021939373312,11.5124543187867,0.0717372756981733,0.0516233999229261,0.0408781326826451,0.0465424207859542,0.102562859768838,0.0240531089359024,4010,3014,17,3
"h1",1.91321752645854e-05,1.177832495228e-08,3.75821371841019e-07,1.83681266345516e-05,1.88855450576475e-05,1.91451823187057e-05,1.93967495119434e-05,1.98323026920989e-05,1019,1.00211456757339,1,1.84951502118048e-05,1.91451823187057e-05,1.97164334534015e-05,2.13089269329531e-08,1.26085548434339e-08,1.17711043501302e-08,1.17295065054071e-08,2.21844764220676e-08,8.33132820482456e-09,1015,2322,17,3
"w1",1.9240236852901,0.00363092050218699,0.291215160939029,1.36548612237711,1.72865592466182,1.92108675576279,2.12097056799715,2.48261174719818,6413,1.00049788624403,1,1.44955977011466,1.92108675576279,2.40965838186887,0.0132543433761104,0.00548459692177405,0.00509012744789239,0.00460800069061262,0.0102824497920608,0.00256756493093416,6472,3567,17,3
"a2",16.7873738299728,0.109136073293599,4.02415062165961,9.39244317117294,13.9394381638915,16.6715617595361,19.4999870371191,24.9279554711871,1350,1.00089426965409,1,10.3137131399499,16.6715617595361,23.548330739486,0.10622612951211,0.127396222980394,0.135607042717981,0.15204138407279,0.223366995342193,0.0771874185223979,1361,2133,17,3
"e2",0.0737155267218219,0.000259616614290249,0.0125892205088424,0.0517137548329291,0.0648458974786896,0.0726298468978347,0.0813726096809445,0.101296768589667,2351,1.00167255451014,1,0.0548818101728239,0.0726298468978347,0.0964108728981593,0.000333140754622145,0.000229283628382836,0.000261061513536769,0.000333559246008516,0.000681685620813367,0.000183834197301865,2376,3446,17,3
"d2",0.046139180236023,0.000117429985324809,0.00721293994772218,0.0316311193110494,0.0414656348324158,0.0461613414869484,0.0510067430211425,0.0602813389773059,3749,1.00015487569488,1,0.03411383612061,0.0461613414869484,0.0578419397123055,0.000348719298481057,0.000159840245329636,0.00013929265198424,0.000140901962820687,0.000223587400741649,8.30419589747927e-05,3830,3166,17,3
"h2",0.237841649919921,0.000735859318648506,0.0442247283758037,0.153568594098236,0.208623518940061,0.236717476649818,0.266924446338645,0.325995455033947,3592,1.00037825011003,1,0.165406727098242,0.236717476649818,0.311824966684274,0.00137217165534337,0.00098273703881549,0.000735942769612002,0.000738137300570707,0.00134275400714748,0.000520373137429683,3571,3562,17,3
"w2",22.406359444091,0.118847986926019,7.87672092565462,6.80666321101124,17.1230537955677,22.3452079874559,27.6333320539883,38.1697850151041,4304,1.00080768365244,1,9.46951277509262,22.3452079874559,35.6826611510233,0.383002028879198,0.176566883490491,0.111236803181406,0.139626157546736,0.302983089317355,0.0840437984624211,4253,2339,17,3
"N1_0[1]",255226.795112989,558.270691314088,27687.7950633001,202647.038090613,236088.745909164,254696.114885098,273579.160813213,310893.380653605,2460,1.00009949915461,1,210507.333334031,254696.114885098,301297.093946536,1069.20362871441,733.32728876514,578.137284246957,611.054851221386,1343.09184483712,394.803809925405,2451,3283,17,3
"N1_0[2]",288417.729551162,518.563637308205,30256.6016513669,231240.54521293,267741.396324065,287964.077885115,308617.152198934,349211.097961977,3413,1.00016366612,1,240178.452452458,287964.077885115,338732.454330729,1777.94022073866,755.892721753276,608.968026739691,650.066369650769,1636.73280997432,366.711283828275,3372,3925,17,3
"N1_0[3]",248756.655264239,504.72438969196,29633.1652107294,194107.631104159,227873.42186282,247682.671415466,268400.815476557,309651.046191252,3444,1.00038650385549,1,201958.445725978,247682.671415466,299125.231711808,1160.29577940522,640.22100204874,544.034331065122,615.022865107749,1396.81423215949,356.924240954803,3404,3701,17,3
"N1_0[4]",351631.623993009,546.091453709065,35506.5765688396,281411.676672582,327615.862139247,351548.259852347,375079.640678439,421999.048573591,4217,1.00012958346881,1,292834.170857926,351548.259852347,410112.839725865,1376.4172161381,754.99970196528,654.249391736899,754.432175079011,1490.97064510762,386.171614043788,4205,3871,17,3
"N1_0[5]",363728.097791418,79.506467767145,6587.27367063912,350996.113531619,359184.384408171,363701.674813761,368290.297684172,376579.221855708,6860,1.00069368097367,1,352900.235770638,363701.674813761,374615.177392744,326.814661385579,131.83740119476,87.9237490449159,127.111299566692,181.708456092281,56.221951280244,6868,4444,17,3
"N2_0[1]",0.124054646611674,0.000919614532603541,0.0297626404132035,0.0706789378959873,0.103339283193539,0.121668952094743,0.142448104398188,0.187951297873303,1024,1.00346543328933,1,0.0789784966473915,0.121668952094743,0.176408241835796,0.00145800368947609,0.00107459550897236,0.000977136280176802,0.0010339193656897,0.00191689918450458,0.000650446827978718,1010,1682,17,3
"N2_0[2]",0.0780072921455485,0.000510603525339693,0.0172861503040235,0.0473057041944476,0.0657406462587081,0.0769387606105792,0.0885724996991908,0.114756758625734,1113,1.00266996612763,1,0.0518725025564977,0.0769387606105792,0.107894789497488,0.000794782963082979,0.000584881310014364,0.00051216790393057,0.000633068499001056,0.000956906882516283,0.000361143136340178,1100,1649,17,3
"N2_0[3]",0.0793778013204943,0.000361274737682958,0.0152377496641317,0.052190541891249,0.068845238312962,0.0783682677102064,0.0887018794910523,0.112121478908374,1763,1.00135075469773,1,0.0558341019789488,0.0783682677102064,0.1059773084977,0.000711612319400635,0.000358552845543016,0.000339820325766078,0.000414039200106152,0.000984836590824816,0.000255501712085825,1718,2094,17,3
"N2_0[4]",0.0277591882719939,0.000273543116430078,0.00859936397729434,0.0132908333866756,0.0217120232926269,0.0268975037554855,0.0327731006662573,0.0468140530701757,969,1.00383779348489,1,0.0153159060270376,0.0268975037554855,0.042907207413794,0.000376540255896341,0.00024357781892995,0.000267554870916927,0.000293878910722228,0.000721304136725762,0.000193481305583789,983,1820,17,3
"N2_0[5]",0.0621903091833451,0.000439374481616031,0.0144606024191664,0.0367847847555079,0.0522774726132747,0.0609935568534791,0.0709159443148866,0.0931669335862952,1062,1.00239074772623,1,0.0402365221569668,0.0609935568534791,0.0875647406386632,0.000672834298412871,0.000408727690633243,0.000435298326792937,0.000479484321048725,0.00115816903514012,0.000310768371090726,1060,1685,17,3
"N3_0[1]",0.00438292403860624,9.31594017963087e-06,0.000577049503710305,0.00323993491102288,0.00401215308910971,0.0043821930574604,0.00476873357722021,0.00552775914649977,3827,1.0001287036596,1,0.00343337049484974,0.0043821930574604,0.00531904575468533,1.80399216149671e-05,1.42726555593178e-05,1.14159076826594e-05,1.04355378716041e-05,2.50668652358971e-05,6.58786529907529e-06,3828,3906,17,3
"N3_0[2]",0.00548826763457098,1.13890504290604e-05,0.000601222124588115,0.00434004099478214,0.0050768285746129,0.00547360153198977,0.00589177674639683,0.00668191531523267,2767,1.00032162649915,1,0.00451279838473739,0.00547360153198977,0.00648329308363014,2.16150667629996e-05,1.41992675506395e-05,1.44900514443204e-05,1.48409793135603e-05,2.74165700760356e-05,8.05411781620119e-06,2772,4575,17,3
"N3_0[3]",0.00792197002016529,1.3125748477516e-05,0.000762786365747403,0.00652107868509913,0.00741759662884931,0.00788488379403275,0.00841828094788845,0.00954401529971371,3370,1.00004392469461,1,0.00671186217295909,0.00788488379403275,0.00922583309435193,2.58347725061877e-05,1.61148762909424e-05,1.40417805512723e-05,1.78786641865242e-05,3.20757601941198e-05,9.28210744203263e-06,3355,4217,17,3
"N3_0[4]",0.00526155551355902,1.88338353613218e-05,0.000876972206396024,0.00358453043358178,0.00466907966887078,0.0052312766020436,0.00585483274659239,0.00700602524853173,2139,1.00059201872643,1,0.00385916085493956,0.0052312766020436,0.00672373659288356,5.22665537043194e-05,2.34464723605095e-05,2.09007814551631e-05,2.02178450023948e-05,4.5073896467782e-05,1.33193246122839e-05,2171,3429,17,3
"N3_0[5]",0.00559854587978902,1.55229148744159e-05,0.000681959630109752,0.00425882364775989,0.00513303166604403,0.00560110350750626,0.00604830364627865,0.00695714843104977,1903,1.00046613576109,1,0.00447039139419992,0.00560110350750626,0.00672746039212428,3.62192020071177e-05,2.06332994086159e-05,1.95508561898158e-05,1.6703114893719e-05,2.13058306229919e-05,1.09780175221764e-05,1924,2661,17,3
"r",0.0837404646201097,0.000215450534254692,0.0126380348279586,0.0599513535798284,0.0749173272663542,0.0834563734701849,0.0918985086066972,0.10991762382374,3411,1.00035240839554,1,0.0634579199489621,0.0834563734701849,0.105385470241364,0.000475797179518192,0.000338868921921635,0.000239716044124663,0.000339496869662434,0.000814275456171867,0.000152359449440768,3361,3128,20,3
"Q",2.85979767975999e-07,5.94698451031569e-10,3.4791876696696e-08,2.20431662713533e-07,2.62809306807827e-07,2.84958962055407e-07,3.08575157118192e-07,3.56199508952875e-07,3339,1.00138554656791,1,2.30882176219965e-07,2.84958962055407e-07,3.44223621430255e-07,1.08024160048927e-09,9.06420500722954e-10,6.59333620686708e-10,6.60075228416795e-10,1.68436394335208e-09,4.20551147496392e-10,3295,2440,20,3
"a1",6.20548305612042,0.0667356733447067,2.32956528387447,1.97248779153948,4.50508812673819,6.04735386232648,7.71915884252037,11.1513998837497,1200,1.00090063942431,1,2.54524246991444,6.04735386232648,10.3686249020378,0.178936071285205,0.0876629889600777,0.0594660244458489,0.0516450683579377,0.0643255874034532,0.0472005470375219,899,347,20,3
"h1",2.02034114324604e-05,1.49063341700648e-08,3.25066760167375e-07,1.94377057211763e-05,2.00285658311226e-05,2.02480163905561e-05,2.04212120171591e-05,2.07185407981722e-05,471,1.00227744715257,1,1.96475716142686e-05,2.02480163905561e-05,2.06504490676381e-05,1.58725350776636e-07,1.65738518914828e-08,8.26469097667559e-09,5.88399278926676e-09,8.14730145249297e-09,1.05468413030858e-08,771,375,20,3
"w1",0.929972647730975,0.0110937020027611,0.521365608956432,0.0755595081205074,0.532540841229165,0.896216239050455,1.28222475841954,2.03428814765375,2193,1.00071036211298,1,0.136507550276112,0.896216239050455,1.83756971897183,0.0078548336647299,0.0168135673056317,0.012601216738486,0.0120408422747978,0.0315725627188848,0.00784546804313401,1727,531,20,3
"a2",18.6087325947098,0.104683713566377,4.2278909828306,11.616573956892,15.5783018658892,18.2030622418746,21.1722047586624,27.916078491716,1623,1.00311900260721,1,12.359660462244,18.2030622418746,26.4035036061211,0.175932675465775,0.109717223043449,0.134220314921066,0.120379017026071,0.159783919260727,0.074035803922017,1625,1088,20,3
"e2",0.115192609485802,0.000412603660535399,0.0161283325761193,0.0844132949937544,0.104350502769557,0.114826401115005,0.125810409475482,0.148163555552137,1501,1.0014757480649,1,0.0895194648243556,0.114826401115005,0.142733351394375,0.00221224331209157,0.000449938324161979,0.000395724267949031,0.000425895248753486,0.000796415506353565,0.000291810556312309,1514,1030,20,3
"d2",0.0331882777183587,0.000116332177969858,0.0077239551710585,0.0185819221503094,0.027877217727324,0.0331119554031659,0.0381618583537835,0.0491303197442391,4329,1.00098759066532,1,0.0209053394201403,0.0331119554031659,0.046135724772233,0.00030894757573724,0.000171025510994908,0.000146301053880121,0.000174333761099408,0.000328263019258188,8.22647149248203e-05,4351,3794,20,3
"h2",0.22318160308682,0.00097872833772987,0.0535224698731744,0.120582229307886,0.186245039549621,0.222877322038407,0.260423383937887,0.327621066291932,2972,1.00056753841618,1,0.136025304971759,0.222877322038407,0.31043652477921,0.00266231234192293,0.00173647386080923,0.001173410400281,0.00112070928110233,0.00221351431397429,0.000692132952940493,2970,2895,20,3
"w2",31.0336839701097,0.154699604787019,8.05151500008427,15.6590098714459,25.4948227165648,30.7309929700408,36.2126050049545,47.4503618129011,2714,1.00270141853941,1,18.3993360308211,30.7309929700408,44.7785768171637,0.385693447518793,0.193015652231081,0.210227066631949,0.216462588227351,0.261579291534236,0.109400920111481,2673,3468,20,3
"N1_0[1]",246071.963410315,1209.07554899782,52555.4186729829,154143.548966984,209303.94639178,242332.394711866,279280.914519399,359788.500726297,1878,1.00117866754771,1,165792.143035942,242332.394711866,339036.574346923,1547.74129040887,1068.24997706569,1077.39935903621,1649.00962945743,3085.75928426618,920.307309497542,2127,694,20,3
"N1_0[2]",199033.451891611,889.610220006775,46967.8070339643,119713.44438786,165098.540968507,195440.886312075,228895.625603401,300767.396305916,2749,1.00091958246746,1,129430.840178049,195440.886312075,282878.370949835,1067.31505546845,986.930893048659,1071.3733385769,1376.900135715,2657.27800533856,629.115252851355,2684,3741,20,3
"N1_0[3]",533116.262743432,1944.96891251671,89960.5269698887,356010.16824713,471769.126592777,530696.124758073,592942.842974497,717723.56260434,2126,1.00149067010272,1,387139.686873839,530696.124758073,681255.636229792,10838.2960837331,1894.85324216791,2074.69282794342,1962.84632456012,5185.16744447767,1375.48825301878,1988,642,20,3
"N1_0[4]",321834.813125481,1656.61958973206,76972.5827077673,175661.572861697,268781.039815379,318906.470231598,371838.522300287,479974.632969337,2148,1.00073308999201,1,198137.196048136,318906.470231598,451208.060051694,7029.58790146423,2344.01070731709,1560.10468465055,1644.44930072743,3701.14729979335,1171.56524119896,1978,796,20,3
"N1_0[5]",414869.512549312,105.257654742661,6727.40881448844,401709.902498384,410309.911180278,414834.304518744,419464.933088644,427995.926535372,3991,1.00023685406929,1,403842.954619694,414834.304518744,426055.233669592,187.161111522611,141.024183414993,150.535980429588,159.348563995707,305.63778307024,74.4337162981914,4112,4097,20,3
"N2_0[1]",0.0422867212867851,0.00029626588104164,0.0119655500848275,0.0236967679732649,0.0338020738552631,0.0408997209428835,0.048852191485624,0.0696675695941729,1637,1.00153087419324,1,0.0255633519773435,0.0408997209428835,0.0639700971451059,0.000353784999171361,0.00033365654568104,0.000304396643071983,0.000407152823657143,0.000845090137409764,0.000209529083502668,1445,1173,20,3
"N2_0[2]",0.0808144728501023,0.000833829448942958,0.0239764115589995,0.0494535192630781,0.0645224041144145,0.0755498995707026,0.0913990433045757,0.140903303716727,820,1.00038189652938,1,0.0528369592673514,0.0755498995707026,0.126932039733662,0.000441509150228222,0.000334294610481845,0.000602254865838377,0.00095255248530042,0.00531041126056538,0.000642407780208038,1189,705,20,3
"N2_0[3]",0.0459592606114739,0.00021425679583182,0.00892693556466258,0.0304935180705161,0.039622688967004,0.0453909861947362,0.0518161859216149,0.0648172192690491,1736,1.00279668309734,1,0.0324370179430138,0.0453909861947362,0.0614804941947221,0.000366102559545266,0.000272298645615333,0.000256009824463992,0.000235010513360778,0.000512497851823751,0.000151527895422794,1727,2758,20,3
"N2_0[4]",0.0183317907451387,0.000176834344357852,0.00637710352174859,0.00906493250204513,0.0142406047186518,0.0174462525733714,0.0212596886551471,0.0326513520583759,1320,1.00147183134686,1,0.0101268771196189,0.0174462525733714,0.0291308850007518,0.000163639565684093,0.00012155370589366,0.000132316568112942,0.000235710367893339,0.000757948794571865,0.000130060274609849,1584,1100,20,3
"N2_0[5]",0.0551995441115734,0.000373454410606646,0.0135957978168394,0.0315119967494796,0.045514119636113,0.0544648338262172,0.0634764724527224,0.0846488352632067,1327,1.00243011466386,1,0.0347116183617027,0.0544648338262172,0.079603046077647,0.00134429731354208,0.000495649029098922,0.000373761359939256,0.000401811604085388,0.000648416316132008,0.000264130281262823,1189,925,20,3
"N3_0[1]",0.0032460135358254,1.90441581388811e-05,0.00075980033056824,0.0018651709171467,0.00271555699509181,0.00321323174539139,0.00373799672309725,0.00482631851910843,1574,1.00143011822754,1,0.00206487522299796,0.00321323174539139,0.00457094819423371,2.99678536741547e-05,1.55785153223903e-05,1.91445755970529e-05,3.35989459401304e-05,4.12083990361427e-05,1.39488428555661e-05,1652,1743,20,3
"N3_0[2]",0.00726290114274743,4.56360678268414e-05,0.00141361301910786,0.00445377962406873,0.00633686285241749,0.00728019225140224,0.00820966622893495,0.00998582318977136,953,1.00215436243047,1,0.0049358767628737,0.00728019225140224,0.00955836221666486,0.000243539387614409,4.78622911396793e-05,2.98689414039558e-05,3.54941367591956e-05,6.10138953763177e-05,3.22793873517016e-05,1070,473,20,3
"N3_0[3]",0.00493786908229327,2.10892416764149e-05,0.000879645848477997,0.00339042574687376,0.00432527881972173,0.00488339433959766,0.00549474315488049,0.00683203676753272,1726,1.00217206185449,1,0.00358307617390093,0.00488339433959766,0.00644292804835342,3.27165569882835e-05,2.29381118397008e-05,2.40506753952227e-05,2.3907002061094e-05,6.73563030272042e-05,1.49618541403299e-05,1760,2419,20,3
"N3_0[4]",0.00749545054713851,2.2778375235489e-05,0.00125239700135257,0.00512164014498399,0.00663702998027961,0.00746754240473215,0.0082934362078469,0.00999112135465641,3016,1.00104617955295,1,0.00550429671905228,0.00746754240473215,0.00956401303349998,4.72854881130918e-05,2.99778116340994e-05,2.55157896263312e-05,3.02415962773299e-05,7.04465131938494e-05,1.62181900133234e-05,3033,3407,20,3
"N3_0[5]",0.00246700069847276,1.60851911228312e-05,0.000666654777260084,0.00130695523745529,0.00198321100390855,0.00241188930901339,0.00289008429003973,0.00389439951174777,1696,1.00109319600711,1,0.00146371840887236,0.00241188930901339,0.00367449467110263,2.08625816617e-05,1.96349459939103e-05,1.45266643936731e-05,2.06486030057669e-05,4.17456614671139e-05,1.21221880102155e-05,1855,872,20,3
"r",0.158065188365342,0.000239590143034293,0.0125694013934746,0.133793805607181,0.149304631342392,0.158000280450214,0.166353911395948,0.182935327705249,2737,1.00247719162833,1,0.137911728825174,0.158000280450214,0.1791834573244,0.000554560492926154,0.000297865255440219,0.000296406240976488,0.00025917255564771,0.000598525646165943,0.000169433771665983,2744,3162,23,3
"Q",2.06937112973793e-07,1.83063909819954e-10,1.5210490042363e-08,1.78350537700256e-07,1.96603945884592e-07,2.06522193629222e-07,2.16538947175594e-07,2.38424241862969e-07,6865,1.00000321274954,1,1.82915530628718e-07,2.06522193629222e-07,2.32561725381421e-07,4.14555761977308e-10,2.59699796717864e-10,2.29382129697107e-10,3.54934485217005e-10,8.04039984444833e-10,1.30450744257918e-10,6955,4747,23,3
"a1",4.71789549483658,0.0492790980827498,1.68513845940921,2.49103367249437,3.51413513732566,4.35630677945307,5.52541713372113,8.9479199430051,1163,1.00239396340307,1,2.72127227644591,4.35630677945307,8.02231588454559,0.0423194118969252,0.0376254727935603,0.049210472146958,0.0662837476714602,0.127684790235045,0.0348542795044469,1070,2214,23,3
"h1",4.09186629483486e-06,9.65792612790574e-09,2.86018683146335e-07,3.45140203903953e-06,3.91734305825256e-06,4.12416311468992e-06,4.29991835877137e-06,4.5485528770196e-06,865,1.00193077417105,1,3.57515008609324e-06,4.12416311468992e-06,4.49763063473957e-06,2.12475295295229e-08,1.14761695120789e-08,9.98523280093584e-09,8.81257925017734e-09,8.29671756463369e-09,6.83145743688897e-09,925,1469,23,3
"w1",2.15644803490945,0.00709040202758902,0.537131879966913,1.09344519884516,1.794822117412,2.15928944493956,2.52039749172781,3.18430422630146,5701,1.00042197151212,1,1.26281452494708,2.15928944493956,3.03760057185445,0.0313098473797089,0.0129717453132178,0.00807429161399287,0.00869897369990258,0.020832406457773,0.00501392619524854,5821,3001,23,3
"a2",26.735637619986,0.285582642962607,8.5787015317729,15.2337231336838,20.7703061272192,24.9439426843181,30.8399822717081,47.8979024688347,894,1.00169267592528,1,16.2844416043314,24.9439426843181,43.2371505237269,0.141532092704505,0.190184146686244,0.247282159700912,0.356058443032589,0.963571186905131,0.202002730984237,1009,1810,23,3
"e2",0.0822331636302296,0.00036632739570637,0.0155796887290676,0.0538176799430848,0.0712942813280888,0.0814810034995244,0.0925074744801478,0.114479184240008,1793,1.00037057872903,1,0.0579167969149782,0.0814810034995244,0.108381735513464,0.000608563017483403,0.000520331202414744,0.000420160423563652,0.000428800719421134,0.000994963068726228,0.000259074366884921,1735,2459,23,3
"d2",0.0252095553103953,5.52785893866349e-05,0.00408676328567258,0.0173721260820073,0.022474353442323,0.0251145714171095,0.0278326084261988,0.0335713536097075,5429,1.00131980857402,1,0.0186055069561207,0.0251145714171095,0.0320561584977117,0.000118070861051523,7.98109536773589e-05,6.31284558210311e-05,8.77538936558363e-05,0.00017109910454725,3.90899514265603e-05,5402,3618,23,3
"h2",0.188224445348944,0.000836273302379203,0.0429425476158088,0.108741322775227,0.15916280937478,0.187007954504339,0.215336737405683,0.278744904917586,2624,1.00024054843705,1,0.119534924846146,0.187007954504339,0.262324387939739,0.0016758358176467,0.00115374801948041,0.0010818349978451,0.00089222956105911,0.00172449051218412,0.000591399945096345,2545,3039,23,3
"w2",6.74393486276456,0.133219460126152,5.66944162041116,0.230561171015531,2.34751784617625,5.31305568978979,9.58973962628203,21.0982454117559,1811,1.00093562259145,1,0.45361129706254,5.31305568978979,18.1800043805865,0.0296357764140179,0.0813767336281992,0.148948124040221,0.241047838954838,0.429150087767995,0.0942155580959059,2009,2961,23,3
"N1_0[1]",349387.211298922,1153.07233234109,43602.5824658723,266391.479108078,319149.468296078,348975.437055667,378624.707003136,436327.442862446,1411,1.0008375790411,1,278189.10353362,348975.437055667,422547.953569827,1927.55309179518,1488.27850792499,1160.12031052451,1078.75806260342,1294.06066246706,815.511632700322,1414,2525,23,3
"N1_0[2]",244627.694114552,462.302588792532,22015.5056675938,203915.698145449,229705.055754109,243917.814010773,258200.3122976,291278.561983726,2266,1.00041877016859,1,210284.010737097,243917.814010773,281528.771041662,1375.40361902006,577.979715236288,445.120714778139,594.146287995041,1628.15641869206,326.939347726703,2218,3332,23,3
"N1_0[3]",231184.608054957,352.22983670654,20393.0497185103,193973.284019966,217860.393441097,230013.562002543,243102.161121766,274099.678288615,3343,1.00110097652799,1,199986.029245892,230013.562002543,265744.585948024,901.012851104169,428.479188969039,351.590717943414,527.654204125953,1315.77480557913,250.0091431793,3422,3863,23,3
"N1_0[4]",220622.24612588,453.854871476432,22181.8584421952,182136.183600529,205834.539647209,218063.006203655,232873.994761562,272786.131329451,2369,1.00069678013125,1,188667.185947003,218063.006203655,261781.57447868,753.834373073565,372.364727965716,461.34587255794,600.568731821186,1958.71911487929,323.670692254918,2510,3008,23,3
"N1_0[5]",223382.984972103,85.2627673222064,6713.12869053847,210362.426458826,218801.181044913,223439.600889542,227964.622773652,236095.629903301,6159,1.00070129463561,1,212294.93282259,223439.600889542,234293.569232085,252.756930883508,113.347244472665,95.4274676145578,88.2021532567451,341.682265061594,60.292717751503,6212,3594,23,3
"N2_0[1]",0.0632363780543016,0.000674853470346393,0.0274979707719432,0.0193657946791156,0.0430155484794443,0.0596911908647316,0.0798650204682758,0.126523342508894,1653,1.00095330554085,1,0.0249911259916476,0.0596911908647316,0.113220035158836,0.000836196565708719,0.000632941128422014,0.000762922794191028,0.000922789649807139,0.00197373201022826,0.000477277320187698,1491,1853,23,3
"N2_0[2]",0.117461678866681,0.000882837525652627,0.0414961099674312,0.0554695864605445,0.0881760276415205,0.111697008315409,0.139183537825717,0.215002215322273,2204,1.00139275137683,1,0.0626255593440465,0.111697008315409,0.191280239796299,0.00114922518160655,0.000799558600386857,0.000768375314609236,0.00108434595785029,0.00366164379329534,0.000624342833307227,2134,2967,23,3
"N2_0[3]",0.11577699359143,0.00099942040954542,0.0468713911334595,0.0486333937539988,0.0819060354266466,0.107541326663362,0.14098336829529,0.227711304040662,2171,1.00137419396493,1,0.0550136632223837,0.107541326663362,0.203814209944786,0.0008325353885489,0.00089160834252023,0.00114387587126992,0.00123319903260688,0.00317861423357924,0.000706790683346924,1901,2348,23,3
"N2_0[4]",0.0901809581323898,0.00103149777713913,0.0411338078080068,0.0351233530959823,0.0600708003600669,0.0817659945462271,0.111182477111012,0.194526935701324,1568,1.00178465882917,1,0.040333584430885,0.0817659945462271,0.167582017779072,0.000568976615970211,0.000753083113756957,0.000937083934797668,0.00167617884190958,0.00447094764582459,0.000729512891010962,1513,3280,23,3
"N2_0[5]",0.136361098015681,0.00115815169574518,0.0465679486920277,0.0569214975716325,0.101474812044171,0.133437732295854,0.166742985546457,0.235137198159047,1599,1.00257588164724,1,0.0653553033749339,0.133437732295854,0.218953117676347,0.000925574458541203,0.00142109342160335,0.00134192301634709,0.00124075012365803,0.00227485047874287,0.000819084701759612,1516,2205,23,3
"N3_0[1]",0.00363769780868951,2.46266691741025e-05,0.00109185611998844,0.00185781119702333,0.00286686962709303,0.00352804565847541,0.00425830194522609,0.00606998825904536,1945,1.00012023411958,1,0.00208122191676124,0.00352804565847541,0.00558409519446652,2.56977126122698e-05,2.24796700086785e-05,2.80551912286227e-05,3.41496715435515e-05,0.0001204656426967,1.78127600214083e-05,2099,2455,23,3
"N3_0[2]",0.00382909508488353,1.67511738460518e-05,0.00101415242819479,0.00196176954405717,0.00312979129510918,0.00378861591930734,0.00449058123175222,0.00591449744421809,3658,0.999996497997858,1,0.00222061333895381,0.00378861591930734,0.00556969899353472,3.80216134025759e-05,2.38394252273983e-05,2.32198810807675e-05,2.09388798699619e-05,4.94309636569199e-05,1.1845811286708e-05,3543,3582,23,3
"N3_0[3]",0.00715791092704387,2.39786935119384e-05,0.00145688771326917,0.0043348040883045,0.00617399461744145,0.00713738331038333,0.00811528397051344,0.0100390924346507,3658,1.00075027481168,1,0.00480052792423291,0.00713738331038333,0.00958909712119854,5.86077312017771e-05,3.61466079269448e-05,2.78489311790458e-05,2.88628130468861e-05,6.26585942425937e-05,1.69568366405701e-05,3670,3576,23,3
"N3_0[4]",0.00713939714489083,2.36682447386916e-05,0.00139609409564933,0.00449359064029265,0.00620310545149951,0.0071391006794094,0.00807927936191724,0.00987943046301698,3458,1.0002529003726,1,0.0048416291231929,0.0071391006794094,0.00948068885165941,4.61200420880867e-05,3.37713480749232e-05,2.4855917011863e-05,2.6909720422413e-05,4.5408220911888e-05,1.67373795010948e-05,3452,3409,23,3
"N3_0[5]",0.00530826629041035,2.6466065233948e-05,0.00128502845446869,0.00295791380429642,0.00438731396298021,0.0052470268172435,0.00618657444781549,0.00788118651846946,2341,1.00126527906316,1,0.00328212607408308,0.0052470268172435,0.00746300376737083,6.07917792450508e-05,2.72607101213912e-05,3.18418828452335e-05,3.74943117019623e-05,5.36961020595863e-05,1.87166500266122e-05,2326,2852,23,3
"r",0.152906444676065,0.000156306166512134,0.00938737155264829,0.134931054711892,0.146370230267827,0.152660480436619,0.159024377888456,0.172121107989099,3615,1.00032256146377,1,0.137824045313953,0.152660480436619,0.168926751220902,0.000366894841510132,0.000197330466880238,0.00013328439127451,0.000233650725274273,0.000381726024779996,0.000110923585393165,3633,3971,26,3
"Q",1.90274813212769e-07,1.27166258974543e-10,1.00792061878322e-08,1.71523874512691e-07,1.83417387851974e-07,1.89846641839786e-07,1.96678133843291e-07,2.11025571091075e-07,6283,1.00023518868382,1,1.74525743617353e-07,1.89846641839786e-07,2.07492076312503e-07,3.82528360728429e-10,2.08980286786462e-10,1.57341765811235e-10,1.80154494693958e-10,4.86403258534402e-10,9.08600697403173e-11,6423,4565,26,3
"a1",5.24066155776144,0.0293541942848877,1.62078571772662,2.67894984737745,4.07731899746246,5.02175344896242,6.17567392374773,8.98348885615411,3009,1.00077336992742,1,3.0169299666615,5.02175344896242,8.20179691458006,0.0381212866714395,0.0313513727189942,0.0350503204365484,0.0456114827615504,0.105558422735483,0.0207585359438933,2832,3095,26,3
"h1",1.08739652052295e-05,5.05714794898297e-09,2.39726444117158e-07,1.0322015863458e-05,1.07326758588347e-05,1.08937955639817e-05,1.10410781536299e-05,1.12743771659267e-05,2223,1.00028012869846,1,1.04424942907617e-05,1.08937955639817e-05,1.12259954956964e-05,1.86666007718269e-08,5.98214156233325e-09,5.40473655972976e-09,4.05320410673691e-09,5.88220022957222e-09,3.57640785910174e-09,2291,2931,26,3
"w1",12.5202515314616,0.0673182301929836,4.03890771236522,5.48997664546097,9.64815260107603,12.1806559467364,15.0814567210728,21.3158433449169,3570,1.00050120975327,1,6.47083303294587,12.1806559467364,19.7007213334746,0.15078014877349,0.0844483332080825,0.0953063925240718,0.0908303704027524,0.166443419055291,0.0476050345533411,3293,2869,26,3
"a2",30.6223367156631,0.130894590927954,7.14336066552353,19.2786263054381,25.4851910607381,29.6889881176087,35.0002283740901,47.024680166608,2972,0.99998248608482,1,20.443798758244,29.6889881176087,43.6531482734586,0.167249794233717,0.118932067880966,0.14224962455984,0.207664298178074,0.36184275516182,0.0925655186235396,2914,3535,26,3
"e2",0.0812413078030554,0.000224068474621113,0.0128757272434614,0.057495368308699,0.0724504843760676,0.0805198686442969,0.0895033550074237,0.107933366271341,3283,1.00047650541407,1,0.0609089231043481,0.0805198686442969,0.103582557868145,0.000527408251693263,0.000232997883735667,0.00027287621782273,0.000267715322787451,0.000420451181303669,0.000158454334902648,3211,2998,26,3
"d2",0.0394224227337949,0.000103688820475917,0.00730911310202738,0.0256605198812138,0.034515076469068,0.0393701813751782,0.0441183274306604,0.0545098518682085,4951,1.00042248523454,1,0.0277313155523738,0.0393701813751782,0.0516447447098196,0.00022132872319376,0.000154307778463536,0.000145329668606517,0.000140787865526435,0.00021288643237858,7.33233722779689e-05,4905,4057,26,3
"h2",0.150835804885094,0.000790397998028432,0.0480638995856749,0.0580885880219952,0.118681016414682,0.150038844845602,0.182756590846148,0.24808301113356,3667,0.999992287124594,1,0.0724846119747846,0.150038844845602,0.232582124793437,0.00201651648296174,0.000930411536465156,0.000814769213079033,0.000824296716007311,0.00169358719671622,0.000558939872897064,3612,3041,26,3
"w2",9.75593255697401,0.0981018370452594,6.51224385438482,0.628522794428682,4.59860645560362,8.7693928388363,13.8289324210923,24.4234972355052,4402,1.00036626834117,1,1.12994433381331,8.7693928388363,21.8120780247573,0.0554420042467269,0.111685760432295,0.138144016978892,0.123852876190837,0.393891133115826,0.0693730661723116,3916,3268,26,3
"N1_0[1]",228059.846361085,401.27182197519,24359.8057541097,184106.224730649,211711.510535112,226481.448790156,243394.294639819,281174.541355774,3668,1.00022253273402,1,190069.719028341,226481.448790156,269977.154022379,620.546337514636,437.849185265019,476.308909862477,513.843383175219,1032.80458935798,283.764485679783,3642,4003,26,3
"N1_0[2]",237442.644330666,427.575066522337,25972.4446309047,188744.343643453,219745.772858805,236649.632231836,253997.780054134,290469.143366722,3690,1.00067990470837,1,196348.370147563,236649.632231836,282118.663043138,934.730115271304,477.210956948446,574.739972958836,559.690064214374,1195.29454656108,302.36513153359,3666,3657,26,3
"N1_0[3]",232769.694950787,422.758193140982,27311.1262258159,184234.92224602,213657.178421702,230961.993479028,250121.759682719,292264.928115953,4160,0.99981417844645,1,191235.321471783,230961.993479028,280178.585090679,991.426733209562,492.890849094998,415.914615265894,635.361944868491,1423.08949900939,299.879479595095,4195,4223,26,3
"N1_0[4]",247836.330356418,400.334871448173,24346.968686117,204458.186357972,231075.381645149,246431.91025383,262891.703638158,298603.364594332,3695,1.00031361526529,1,210076.617673574,246431.91025383,289545.546650741,847.591155728805,427.471726878255,439.312429067155,446.433079359151,1911.33568822127,283.101828198948,3667,3806,26,3
"N1_0[5]",288498.956821146,77.7521184366483,6577.76588483391,275658.728981713,284101.230867388,288430.63096663,292996.649860442,301508.582090496,7154,1.00037645011923,1,277578.671029942,288430.63096663,299272.470660296,224.89705374933,126.872233522125,90.5555159883806,117.830482757505,231.7846248844,54.9812907731269,7138,3979,26,3
"N2_0[1]",0.0662038359740302,0.000466592184547514,0.0307517052551354,0.0234104128918435,0.0442926096850658,0.059992047019763,0.082133847773644,0.141694425383916,4313,1.00059995230556,1,0.0278728484085705,0.059992047019763,0.124967842500495,0.000520103055498468,0.000419565499807859,0.000509779198125705,0.00070707803565679,0.00213530637821696,0.000329952654123107,4016,3894,26,3
"N2_0[2]",0.0331522815907028,0.000332117312192601,0.0220020309683226,0.00664519621137366,0.0178712966441249,0.0280537433106124,0.0423588603042011,0.0906630706734669,4362,1.00050088321384,1,0.00866757091906423,0.0280537433106124,0.0750930721901281,0.000263690936343609,0.000266071914505889,0.000318872255909012,0.00043049557287891,0.00172852285961664,0.000234858012240938,3847,3337,26,3
"N2_0[3]",0.0669269737419483,0.000464139022034987,0.0308555430772805,0.0249655376132812,0.0441193986223768,0.0601574615019211,0.0842176540814612,0.140663790004375,4406,1.00016688732038,1,0.0286271924267001,0.0601574615019211,0.126267081339253,0.000474876167719592,0.00045516027620553,0.00065030728423595,0.000920081567102084,0.00171531796384015,0.000328217511894443,4069,4034,26,3
"N2_0[4]",0.0752837603888679,0.000475394782152178,0.0334746038118434,0.0269607949287192,0.0505653812826958,0.0694663782983686,0.094243300207932,0.155194109407744,4932,1.00006527179397,1,0.0318394187915037,0.0694663782983686,0.138300288280745,0.000849711799672028,0.000479129071070821,0.000581957901736124,0.000914774155625145,0.0018697727683869,0.000336174650695148,4465,3714,26,3
"N2_0[5]",0.0795710669901405,0.000388549190855076,0.0269119907013401,0.0361313809401703,0.0600755118761356,0.0766548481237146,0.0949942747672465,0.141680589801567,4757,1.00024719164667,1,0.0414753462425255,0.0766548481237146,0.127943202412532,0.000560317946609875,0.000411941866430593,0.000428528661654555,0.000459466508807203,0.00114479769171283,0.000274762473359924,4456,3607,26,3
"N3_0[1]",0.00510239407403081,2.00592170915989e-05,0.00125477688968179,0.00285798257170323,0.0042156776279496,0.00503732837119137,0.00591405911161851,0.00772150399830576,3852,1.00227573707659,1,0.003174140496904,0.00503732837119137,0.00727913670015588,3.03212286775984e-05,2.80690713693999e-05,2.4567188765293e-05,3.18219087053206e-05,5.3697172943637e-05,1.41850658104515e-05,3802,3705,26,3
"N3_0[2]",0.00211905556493122,1.29066767125614e-05,0.000852593600909441,0.0007287280367927,0.00149827256842808,0.00201681068301883,0.00264179759275455,0.00398365657362689,4351,1.00063663611867,1,0.000892337561293892,0.00201681068301883,0.00364130942206648,2.24791126334921e-05,1.38519660664822e-05,1.23302612389203e-05,1.95676474452004e-05,4.50779789369629e-05,9.12700869316748e-06,4124,3587,26,3
"N3_0[3]",0.00694956519151634,2.3776436845131e-05,0.00158766945223756,0.00413978254514515,0.00582227633312596,0.00688285203634311,0.00795406476124053,0.0103645671188186,4435,1.00012529654723,1,0.00452300995008931,0.00688285203634311,0.00968589486748811,4.63427995084811e-05,3.25329503939099e-05,3.1318517164744e-05,3.26145832493935e-05,7.8971189859443e-05,1.69548772671958e-05,4362,4452,26,3
"N3_0[4]",0.00370984810791066,1.90058445578037e-05,0.00116312683254309,0.00172121375605663,0.00288332061560162,0.00359432251056838,0.00443164175515757,0.00622900040141869,3735,1.00100581132765,1,0.00200896609595077,0.00359432251056838,0.00578928159189798,3.63624974745709e-05,2.04017055540225e-05,2.20952861966644e-05,2.14851044273152e-05,4.57722561662656e-05,1.34402083022509e-05,3665,3857,26,3
"N3_0[5]",0.00367504201726899,1.60701944703881e-05,0.000977768819962739,0.00197351358358185,0.00298783274218045,0.00360251400020271,0.00426917388075684,0.00582478825334108,3685,1.00006214593366,1,0.00220818595898976,0.00360251400020271,0.00539043808365949,3.26663115146868e-05,1.84349498892418e-05,1.90885477725747e-05,1.91487480915996e-05,4.3635678251823e-05,1.13642388979883e-05,3577,3449,26,3
